Parameter,Row,Slot0,Slot1,Slot2,Slot3,Slot4,Slot5,Slot6,Slot7,Slot8,Slot9,Slot10,Slot11,Slot12,Slot13,Slot14,Slot15
ti,1,,,,,,,,,,,,,,,,
ti,2,,,,,,,,,,,,,,,,
ti,3,,,,,,,,,,,,,,,,
ti,4,,,,,,,,,,,,,,,,
ti,5,,,,,,,,,,,,,,,,
ti,6,,,,,,,,,,,,,,,,
ti,7,,,,,,,,,,,,,,,,
ti,8,,,,,,,,,,,,,,,,
ti,9,,,,,,,,,,,,,,,,
ti,10,,,,,,,,,,,,,,,,
ti,11,,,,,,,,,,,,,,,,
ti,12,,,,,,,,,,,,,,,,
ti,13,,,,,,,,,,,,,,,,
ti,14,,,,,,,,,,,,,,,,
ti,15,,,,,,,,,,,,,,,,
ti,16,,,,,,,,,,,,,,,,
ti,17,,,,,,,,,,,,,,,,
ti,18,,,,,,,,,,,,,,,,
ti,19,,,,,,,,,,,,,,,,
ti,20,,,,,,,,,,,,,,,,
ti,21,,,,,,,,,,,,,,,,
ti,22,,,,,,,,,,,,,,,,
ti,23,,,,,,,,,,,,,,,,
ti,24,,,,,,,,,,,,,,,,
ti,25,,,,,,,,,,,,,,,,
ti,26,,,,,,,,,,,,,,,,
ti,27,,,,,,,,,,,,,,,,
ti,28,,,,,,,,,,,,,,,,
ti,29,,,,,,,,,,,,,,,,
ti,30,,,,,,,,,,,,,,,,
ti,31,,,,,,,,,,,,,,,,
ti,32,,,,,,,,,,,,,,,,
ti,33,,,,,,,,,,,,,,,,
ti,34,,,,,,,,,,,,,,,,
ti,35,,,,,,,,,,,,,,,,
ti,36,,,,,,,,,,,,,,,,
ti,37,,,,,,,,,,,,,,,,
ti,38,,,,,,,,,,,,,,,,
ti,39,,,,,,,,,,,,,,,,
ti,40,,,,,,,,,,,,,,,,
ti,41,,,,,,,,,,,,,,,,
ti,42,,,,,,,,,,,,,,,,
ti,43,,,,,,,,,,,,,,,,
ti,44,,,,,,,,,,,,,,,,
ti,45,,,,,,,,,,,,,,,,
ti,46,,,,,,,,,,,,,,,,
ti,47,,,,,,,,,,,,,,,,
ti,48,,,,,,,,,,,,,,,,
ti,49,,,,,,,,,,,,,,,,
ti,50,WBA,,,,,,,,,,,,,,,
ti,51,,,,,,,,,,,,,,,,
ti,52,,,,,,,,,,,,,,,,
ti,53,,,,,,,,,,,,,,,,
ti,54,,,,,,,,,,,,,,,,
ti,55,,,,,,,,,,,,,,,,
ti,56,,,,,,,,,,,,,,,,
ti,57,,,,,,,,,,,,,,,,
ti,58,MVEEPIX,,,,,,,,,,,,,,,
ti,59,,,,,,,,,,,,,,,,
ti,60,,,,,,,,,,,,,,,,
ti,61,,,,,,,,,,,,,,,,
ti,62,,,,,,,,,,,,,,,,
ti,63,,,,,,,,,,,,,,,,
ti,64,,,,,,,,,,,,,,,,
ti,65,,,,,,,,,,,,,,,,
ti,66,,,,,,,,,,,,,,,,
ti,67,,,,,,,,,,,,,,,,
ti,68,,,,,,,,,,,,,,,,
ti,69,,,,,,,,,,,,,,,,
ti,70,,,,,,,,,,,,,,,,
ti,71,,,,,,,,,,,,,,,,
ti,72,,,,,,,,,,,,,,,,
ti,73,,,,,,,,,,,,,,,,
ti,74,,,,,,,,,,,,,,,,
ti,75,,,,,,,,,,,,,,,,
ti,76,,,,,,,,,,,,,,,,
ti,77,,,,,,,,,,,,,,,,
ti,78,,,,,,,,,,,,,,,,
ti,79,,,,,,,,,,,,,,,,
ti,80,,,,,,,,,,,,,,,,
ti,81,,,,,,,,,,,,,,,,
ti,82,,,,,,,,,,,,,,,,
ti,83,,,,,,,,,,,,,,,,
ti,84,,,,,,,,,,,,,,,,
ti,85,,,,,,,,,,,,,,,,
ti,86,,,,,,,,,,,,,,,,
ti,87,,,,,,,,,,,,,,,,
ti,88,,,,,,,,,,,,,,,,
ti,89,,,,,,,,,,,,,,,,
ti,90,,,,,,,,,,,,,,,,
ti,91,,,,,,,,,,,,,,,,
ti,92,,,,,,,,,,,,,,,,
ti,93,,,,,,,,,,,,,,,,
ti,94,,,,,,,,,,,,,,,,
PRICE,1,250.12,,,,,,,,,,,,,,,
PRICE,2,22.79,,,,,,,,,,,,,,,
PRICE,3,63.0,,,,,,,,,,,,,,,
PRICE,4,207.67,,,,,,,,,,,,,,,
PRICE,5,0.44,,,,,,,,,,,,,,,
PRICE,6,1179.6,,,,,,,,,,,,,,,
PRICE,7,322.16,,,,,,,,,,,,,,,
PRICE,8,189.9,,,,,,,,,,,,,,,
PRICE,9,2.39,,,,,,,,,,,,,,,
PRICE,10,1.97,,,,,,,,,,,,,,,
PRICE,11,105.69,,,,,,,,,,,,,,,
PRICE,12,78.33,,,,,,,,,,,,,,,
PRICE,13,76.13,,,,,,,,,,,,,,,
PRICE,14,2.42,,,,,,,,,,,,,,,
PRICE,15,99.29,,,,,,,,,,,,,,,
PRICE,16,18.495,,,,,,,,,,,,,,,
PRICE,17,150.72,,,,,,,,,,,,,,,
PRICE,18,11.83,,,,,,,,,,,,,,,
PRICE,19,19.9,,,,,,,,,,,,,,,
PRICE,20,369.4,,,,,,,,,,,,,,,
PRICE,21,72.39,,,,,,,,,,,,,,,
PRICE,22,21.58,,,,,,,,,,,,,,,
PRICE,23,18.93,,,,,,,,,,,,,,,
PRICE,24,353.7,,,,,,,,,,,,,,,
PRICE,25,75.6,,,,,,,,,,,,,,,
PRICE,26,9.85,,,,,,,,,,,,,,,
PRICE,27,6.64,,,,,,,,,,,,,,,
PRICE,28,52.56,,,,,,,,,,,,,,,
PRICE,29,395.55,,,,,,,,,,,,,,,
PRICE,30,92.78,,,,,,,,,,,,,,,
PRICE,31,109.58,,,,,,,,,,,,,,,
PRICE,32,95.31,,,,,,,,,,,,,,,
PRICE,33,0.968,,,,,,,,,,,,,,,
PRICE,34,56.12,,,,,,,,,,,,,,,
PRICE,35,5.51,,,,,,,,,,,,,,,
PRICE,36,6.83,,,,,,,,,,,,,,,
PRICE,37,0.8993,,,,,,,,,,,,,,,
PRICE,38,25.95,,,,,,,,,,,,,,,
PRICE,39,57.02,,,,,,,,,,,,,,,
PRICE,40,166.44,,,,,,,,,,,,,,,
PRICE,41,20.23,,,,,,,,,,,,,,,
PRICE,42,7.87,,,,,,,,,,,,,,,
PRICE,43,391.2,,,,,,,,,,,,,,,
PRICE,44,338.31,,,,,,,,,,,,,,,
PRICE,45,37.8,,,,,,,,,,,,,,,
PRICE,46,7.72,,,,,,,,,,,,,,,
PRICE,47,34.21,,,,,,,,,,,,,,,
PRICE,48,68.1,,,,,,,,,,,,,,,
PRICE,49,13.51,,,,,,,,,,,,,,,
PRICE,50,0.0,,,,,,,,,,,,,,,
PRICE,51,156.12,,,,,,,,,,,,,,,
PRICE,52,5.7,,,,,,,,,,,,,,,
PRICE,53,0.44,,,,,,,,,,,,,,,
PRICE,54,2.42,,,,,,,,,,,,,,,
PRICE,55,18.495,,,,,,,,,,,,,,,
PRICE,56,19.9,,,,,,,,,,,,,,,
PRICE,57,22.35,,,,,,,,,,,,,,,
PRICE,58,0.0,,,,,,,,,,,,,,,
PRICE,59,64.12,,,,,,,,,,,,,,,
PRICE,60,17.52,,,,,,,,,,,,,,,
PRICE,61,57.02,,,,,,,,,,,,,,,
PRICE,62,166.44,,,,,,,,,,,,,,,
PRICE,63,37.8,,,,,,,,,,,,,,,
PRICE,64,250.12,,,,,,,,,,,,,,,
PRICE,65,207.67,,,,,,,,,,,,,,,
PRICE,66,1179.6,,,,,,,,,,,,,,,
PRICE,67,2.42,,,,,,,,,,,,,,,
PRICE,68,99.29,,,,,,,,,,,,,,,
PRICE,69,72.39,,,,,,,,,,,,,,,
PRICE,70,353.7,,,,,,,,,,,,,,,
PRICE,71,52.56,,,,,,,,,,,,,,,
PRICE,72,0.6315,,,,,,,,,,,,,,,
PRICE,73,22.35,,,,,,,,,,,,,,,
PRICE,74,369.4,,,,,,,,,,,,,,,
PRICE,75,11.67,,,,,,,,,,,,,,,
PRICE,76,64.12,,,,,,,,,,,,,,,
PRICE,77,200.53,,,,,,,,,,,,,,,
PRICE,78,782.21,,,,,,,,,,,,,,,
PRICE,79,0.055,,,,,,,,,,,,,,,
PRICE,80,38.75,,,,,,,,,,,,,,,
PRICE,81,497.99,,,,,,,,,,,,,,,
PRICE,82,10.235,,,,,,,,,,,,,,,
PRICE,83,153.44,,,,,,,,,,,,,,,
PRICE,84,17.52,,,,,,,,,,,,,,,
PRICE,85,57.88,,,,,,,,,,,,,,,
PRICE,86,26.58,,,,,,,,,,,,,,,
PRICE,87,6.36,,,,,,,,,,,,,,,
PRICE,88,43.51,,,,,,,,,,,,,,,
PRICE,89,59.79,,,,,,,,,,,,,,,
PRICE,90,227.63,,,,,,,,,,,,,,,
PRICE,91,4.71,,,,,,,,,,,,,,,
PRICE,92,9.621,,,,,,,,,,,,,,,
PRICE,93,1179.6,,,,,,,,,,,,,,,
PRICE,94,19.9,,,,,,,,,,,,,,,
VOL,1,36929988,,,,,,,,,,,,,,,
VOL,2,1270436,,,,,,,,,,,,,,,
VOL,3,2081481,,,,,,,,,,,,,,,
VOL,4,35662137,,,,,,,,,,,,,,,
VOL,5,8794,,,,,,,,,,,,,,,
VOL,6,478619,,,,,,,,,,,,,,,
VOL,7,34724950,,,,,,,,,,,,,,,
VOL,8,1429046,,,,,,,,,,,,,,,
VOL,9,4374301,,,,,,,,,,,,,,,
VOL,10,3638,,,,,,,,,,,,,,,
VOL,11,11406866,,,,,,,,,,,,,,,
VOL,12,19080391,,,,,,,,,,,,,,,
VOL,13,4537876,,,,,,,,,,,,,,,
VOL,14,2721181,,,,,,,,,,,,,,,
VOL,15,9551465,,,,,,,,,,,,,,,
VOL,16,2176432,,,,,,,,,,,,,,,
VOL,17,1271441,,,,,,,,,,,,,,,
VOL,18,2227214,,,,,,,,,,,,,,,
VOL,19,6423552,,,,,,,,,,,,,,,
VOL,20,5938217,,,,,,,,,,,,,,,
VOL,21,7229709,,,,,,,,,,,,,,,
VOL,22,14179100,,,,,,,,,,,,,,,
VOL,23,12918911,,,,,,,,,,,,,,,
VOL,24,14667686,,,,,,,,,,,,,,,
VOL,25,6069923,,,,,,,,,,,,,,,
VOL,26,258993,,,,,,,,,,,,,,,
VOL,27,9421862,,,,,,,,,,,,,,,
VOL,28,6606164,,,,,,,,,,,,,,,
VOL,29,26848000,,,,,,,,,,,,,,,
VOL,30,7504416,,,,,,,,,,,,,,,
VOL,31,10458890,,,,,,,,,,,,,,,
VOL,32,29876659,,,,,,,,,,,,,,,
VOL,33,96722,,,,,,,,,,,,,,,
VOL,34,7812893,,,,,,,,,,,,,,,
VOL,35,303927,,,,,,,,,,,,,,,
VOL,36,12457586,,,,,,,,,,,,,,,
VOL,37,3168,,,,,,,,,,,,,,,
VOL,38,415910,,,,,,,,,,,,,,,
VOL,39,2262444,,,,,,,,,,,,,,,
VOL,40,1798070,,,,,,,,,,,,,,,
VOL,41,602972,,,,,,,,,,,,,,,
VOL,42,1010607,,,,,,,,,,,,,,,
VOL,43,58504091,,,,,,,,,,,,,,,
VOL,44,17299921,,,,,,,,,,,,,,,
VOL,45,11331,,,,,,,,,,,,,,,
VOL,46,1501574,,,,,,,,,,,,,,,
VOL,47,84059,,,,,,,,,,,,,,,
VOL,48,45260,,,,,,,,,,,,,,,
VOL,49,8966752,,,,,,,,,,,,,,,
VOL,50,0,,,,,,,,,,,,,,,
VOL,51,22414094,,,,,,,,,,,,,,,
VOL,52,394242,,,,,,,,,,,,,,,
VOL,53,8794,,,,,,,,,,,,,,,
VOL,54,2721181,,,,,,,,,,,,,,,
VOL,55,2176432,,,,,,,,,,,,,,,
VOL,56,6423552,,,,,,,,,,,,,,,
VOL,57,16999677,,,,,,,,,,,,,,,
VOL,58,0,,,,,,,,,,,,,,,
VOL,59,2887025,,,,,,,,,,,,,,,
VOL,60,5320667,,,,,,,,,,,,,,,
VOL,61,2262444,,,,,,,,,,,,,,,
VOL,62,1798070,,,,,,,,,,,,,,,
VOL,63,11331,,,,,,,,,,,,,,,
VOL,64,36929988,,,,,,,,,,,,,,,
VOL,65,35662137,,,,,,,,,,,,,,,
VOL,66,478619,,,,,,,,,,,,,,,
VOL,67,2721181,,,,,,,,,,,,,,,
VOL,68,9551465,,,,,,,,,,,,,,,
VOL,69,7229709,,,,,,,,,,,,,,,
VOL,70,14667686,,,,,,,,,,,,,,,
VOL,71,6606164,,,,,,,,,,,,,,,
VOL,72,2153289,,,,,,,,,,,,,,,
VOL,73,16999677,,,,,,,,,,,,,,,
VOL,74,5938217,,,,,,,,,,,,,,,
VOL,75,48546476,,,,,,,,,,,,,,,
VOL,76,2887025,,,,,,,,,,,,,,,
VOL,77,1145218,,,,,,,,,,,,,,,
VOL,78,2567411,,,,,,,,,,,,,,,
VOL,79,201761,,,,,,,,,,,,,,,
VOL,80,10373380,,,,,,,,,,,,,,,
VOL,81,2809315,,,,,,,,,,,,,,,
VOL,82,2859278,,,,,,,,,,,,,,,
VOL,83,1976945,,,,,,,,,,,,,,,
VOL,84,5320667,,,,,,,,,,,,,,,
VOL,85,16303327,,,,,,,,,,,,,,,
VOL,86,34270811,,,,,,,,,,,,,,,
VOL,87,36541269,,,,,,,,,,,,,,,
VOL,88,3150766,,,,,,,,,,,,,,,
VOL,89,7134187,,,,,,,,,,,,,,,
VOL,90,1263684,,,,,,,,,,,,,,,
VOL,91,116145,,,,,,,,,,,,,,,
VOL,92,17476,,,,,,,,,,,,,,,
VOL,93,478619,,,,,,,,,,,,,,,
VOL,94,6423552,,,,,,,,,,,,,,,
AV_VOL,1,44274728,,,,,,,,,,,,,,,
AV_VOL,2,1149720,,,,,,,,,,,,,,,
AV_VOL,3,1798050,,,,,,,,,,,,,,,
AV_VOL,4,61819122,,,,,,,,,,,,,,,
AV_VOL,5,18020,,,,,,,,,,,,,,,
AV_VOL,6,790360,,,,,,,,,,,,,,,
AV_VOL,7,26349512,,,,,,,,,,,,,,,
AV_VOL,8,2291592,,,,,,,,,,,,,,,
AV_VOL,9,3030077,,,,,,,,,,,,,,,
AV_VOL,10,18079,,,,,,,,,,,,,,,
AV_VOL,11,15644324,,,,,,,,,,,,,,,
AV_VOL,12,26083431,,,,,,,,,,,,,,,
AV_VOL,13,8202159,,,,,,,,,,,,,,,
AV_VOL,14,2652738,,,,,,,,,,,,,,,
AV_VOL,15,11265215,,,,,,,,,,,,,,,
AV_VOL,16,4678870,,,,,,,,,,,,,,,
AV_VOL,17,1058053,,,,,,,,,,,,,,,
AV_VOL,18,2724401,,,,,,,,,,,,,,,
AV_VOL,19,4829290,,,,,,,,,,,,,,,
AV_VOL,20,8947470,,,,,,,,,,,,,,,
AV_VOL,21,8196944,,,,,,,,,,,,,,,
AV_VOL,22,18435565,,,,,,,,,,,,,,,
AV_VOL,23,20089648,,,,,,,,,,,,,,,
AV_VOL,24,38895630,,,,,,,,,,,,,,,
AV_VOL,25,7293144,,,,,,,,,,,,,,,
AV_VOL,26,42172,,,,,,,,,,,,,,,
AV_VOL,27,13552337,,,,,,,,,,,,,,,
AV_VOL,28,10599207,,,,,,,,,,,,,,,
AV_VOL,29,37832893,,,,,,,,,,,,,,,
AV_VOL,30,10209635,,,,,,,,,,,,,,,
AV_VOL,31,9456530,,,,,,,,,,,,,,,
AV_VOL,32,53720961,,,,,,,,,,,,,,,
AV_VOL,33,914534,,,,,,,,,,,,,,,
AV_VOL,34,7724190,,,,,,,,,,,,,,,
AV_VOL,35,251320,,,,,,,,,,,,,,,
AV_VOL,36,7850769,,,,,,,,,,,,,,,
AV_VOL,37,18115,,,,,,,,,,,,,,,
AV_VOL,38,385118,,,,,,,,,,,,,,,
AV_VOL,39,2338480,,,,,,,,,,,,,,,
AV_VOL,40,2892170,,,,,,,,,,,,,,,
AV_VOL,41,10741400,,,,,,,,,,,,,,,
AV_VOL,42,1015093,,,,,,,,,,,,,,,
AV_VOL,43,59402313,,,,,,,,,,,,,,,
AV_VOL,44,13238667,,,,,,,,,,,,,,,
AV_VOL,45,3990,,,,,,,,,,,,,,,
AV_VOL,46,1659723,,,,,,,,,,,,,,,
AV_VOL,47,3431050,,,,,,,,,,,,,,,
AV_VOL,48,64450,,,,,,,,,,,,,,,
AV_VOL,49,11998498,,,,,,,,,,,,,,,
AV_VOL,50,0,,,,,,,,,,,,,,,
AV_VOL,51,21117629,,,,,,,,,,,,,,,
AV_VOL,52,475405,,,,,,,,,,,,,,,
AV_VOL,53,18020,,,,,,,,,,,,,,,
AV_VOL,54,2652738,,,,,,,,,,,,,,,
AV_VOL,55,4678870,,,,,,,,,,,,,,,
AV_VOL,56,4829290,,,,,,,,,,,,,,,
AV_VOL,57,16991430,,,,,,,,,,,,,,,
AV_VOL,58,0,,,,,,,,,,,,,,,
AV_VOL,59,3215530,,,,,,,,,,,,,,,
AV_VOL,60,4713080,,,,,,,,,,,,,,,
AV_VOL,61,2338480,,,,,,,,,,,,,,,
AV_VOL,62,2892170,,,,,,,,,,,,,,,
AV_VOL,63,3990,,,,,,,,,,,,,,,
AV_VOL,64,44274728,,,,,,,,,,,,,,,
AV_VOL,65,61819122,,,,,,,,,,,,,,,
AV_VOL,66,790360,,,,,,,,,,,,,,,
AV_VOL,67,2652738,,,,,,,,,,,,,,,
AV_VOL,68,11265215,,,,,,,,,,,,,,,
AV_VOL,69,8196944,,,,,,,,,,,,,,,
AV_VOL,70,38895630,,,,,,,,,,,,,,,
AV_VOL,71,10599207,,,,,,,,,,,,,,,
AV_VOL,72,1571545,,,,,,,,,,,,,,,
AV_VOL,73,16991430,,,,,,,,,,,,,,,
AV_VOL,74,8947470,,,,,,,,,,,,,,,
AV_VOL,75,73876868,,,,,,,,,,,,,,,
AV_VOL,76,3215530,,,,,,,,,,,,,,,
AV_VOL,77,1322056,,,,,,,,,,,,,,,
AV_VOL,78,2676361,,,,,,,,,,,,,,,
AV_VOL,79,50230479,,,,,,,,,,,,,,,
AV_VOL,80,10715763,,,,,,,,,,,,,,,
AV_VOL,81,3761723,,,,,,,,,,,,,,,
AV_VOL,82,4952137,,,,,,,,,,,,,,,
AV_VOL,83,2985037,,,,,,,,,,,,,,,
AV_VOL,84,4713080,,,,,,,,,,,,,,,
AV_VOL,85,17519212,,,,,,,,,,,,,,,
AV_VOL,86,41612196,,,,,,,,,,,,,,,
AV_VOL,87,60848497,,,,,,,,,,,,,,,
AV_VOL,88,3516729,,,,,,,,,,,,,,,
AV_VOL,89,11470277,,,,,,,,,,,,,,,
AV_VOL,90,1177915,,,,,,,,,,,,,,,
AV_VOL,91,128982,,,,,,,,,,,,,,,
AV_VOL,92,0,,,,,,,,,,,,,,,
AV_VOL,93,790360,,,,,,,,,,,,,,,
AV_VOL,94,4829290,,,,,,,,,,,,,,,
OPEN,1,255.48,,,,,,,,,,,,,,,
OPEN,2,22.91,,,,,,,,,,,,,,,
OPEN,3,66.0,,,,,,,,,,,,,,,
OPEN,4,209.605,,,,,,,,,,,,,,,
OPEN,5,0.451,,,,,,,,,,,,,,,
OPEN,6,1167.4,,,,,,,,,,,,,,,
OPEN,7,337.68,,,,,,,,,,,,,,,
OPEN,8,192.64,,,,,,,,,,,,,,,
OPEN,9,2.44,,,,,,,,,,,,,,,
OPEN,10,1.97,,,,,,,,,,,,,,,
OPEN,11,106.115,,,,,,,,,,,,,,,
OPEN,12,78.07,,,,,,,,,,,,,,,
OPEN,13,76.84,,,,,,,,,,,,,,,
OPEN,14,2.43,,,,,,,,,,,,,,,
OPEN,15,99.83,,,,,,,,,,,,,,,
OPEN,16,18.28,,,,,,,,,,,,,,,
OPEN,17,153.08,,,,,,,,,,,,,,,
OPEN,18,11.94,,,,,,,,,,,,,,,
OPEN,19,19.405,,,,,,,,,,,,,,,
OPEN,20,372.6,,,,,,,,,,,,,,,
OPEN,21,73.59,,,,,,,,,,,,,,,
OPEN,22,21.88,,,,,,,,,,,,,,,
OPEN,23,19.1,,,,,,,,,,,,,,,
OPEN,24,358.7,,,,,,,,,,,,,,,
OPEN,25,74.755,,,,,,,,,,,,,,,
OPEN,26,11.7,,,,,,,,,,,,,,,
OPEN,27,6.55,,,,,,,,,,,,,,,
OPEN,28,54.31,,,,,,,,,,,,,,,
OPEN,29,401.0,,,,,,,,,,,,,,,
OPEN,30,92.73,,,,,,,,,,,,,,,
OPEN,31,114.58,,,,,,,,,,,,,,,
OPEN,32,94.64,,,,,,,,,,,,,,,
OPEN,33,1.02,,,,,,,,,,,,,,,
OPEN,34,59.24,,,,,,,,,,,,,,,
OPEN,35,5.65,,,,,,,,,,,,,,,
OPEN,36,7.5,,,,,,,,,,,,,,,
OPEN,37,0.865,,,,,,,,,,,,,,,
OPEN,38,26.87,,,,,,,,,,,,,,,
OPEN,39,55.54,,,,,,,,,,,,,,,
OPEN,40,165.4,,,,,,,,,,,,,,,
OPEN,41,19.68,,,,,,,,,,,,,,,
OPEN,42,8.2,,,,,,,,,,,,,,,
OPEN,43,399.165,,,,,,,,,,,,,,,
OPEN,44,343.92,,,,,,,,,,,,,,,
OPEN,45,36.85,,,,,,,,,,,,,,,
OPEN,46,7.84,,,,,,,,,,,,,,,
OPEN,47,35.32,,,,,,,,,,,,,,,
OPEN,48,67.9,,,,,,,,,,,,,,,
OPEN,49,13.89,,,,,,,,,,,,,,,
OPEN,50,0.0,,,,,,,,,,,,,,,
OPEN,51,154.3,,,,,,,,,,,,,,,
OPEN,52,5.66,,,,,,,,,,,,,,,
OPEN,53,0.451,,,,,,,,,,,,,,,
OPEN,54,2.43,,,,,,,,,,,,,,,
OPEN,55,18.28,,,,,,,,,,,,,,,
OPEN,56,19.405,,,,,,,,,,,,,,,
OPEN,57,22.0,,,,,,,,,,,,,,,
OPEN,58,0.0,,,,,,,,,,,,,,,
OPEN,59,64.32,,,,,,,,,,,,,,,
OPEN,60,17.18,,,,,,,,,,,,,,,
OPEN,61,55.54,,,,,,,,,,,,,,,
OPEN,62,165.4,,,,,,,,,,,,,,,
OPEN,63,36.85,,,,,,,,,,,,,,,
OPEN,64,255.48,,,,,,,,,,,,,,,
OPEN,65,209.605,,,,,,,,,,,,,,,
OPEN,66,1167.4,,,,,,,,,,,,,,,
OPEN,67,2.43,,,,,,,,,,,,,,,
OPEN,68,99.83,,,,,,,,,,,,,,,
OPEN,69,73.59,,,,,,,,,,,,,,,
OPEN,70,358.7,,,,,,,,,,,,,,,
OPEN,71,54.31,,,,,,,,,,,,,,,
OPEN,72,0.6674,,,,,,,,,,,,,,,
OPEN,73,22.0,,,,,,,,,,,,,,,
OPEN,74,372.6,,,,,,,,,,,,,,,
OPEN,75,12.11,,,,,,,,,,,,,,,
OPEN,76,64.32,,,,,,,,,,,,,,,
OPEN,77,207.16,,,,,,,,,,,,,,,
OPEN,78,789.36,,,,,,,,,,,,,,,
OPEN,79,0.0555,,,,,,,,,,,,,,,
OPEN,80,38.96,,,,,,,,,,,,,,,
OPEN,81,496.56,,,,,,,,,,,,,,,
OPEN,82,10.42,,,,,,,,,,,,,,,
OPEN,83,154.69,,,,,,,,,,,,,,,
OPEN,84,17.18,,,,,,,,,,,,,,,
OPEN,85,57.7,,,,,,,,,,,,,,,
OPEN,86,27.02,,,,,,,,,,,,,,,
OPEN,87,6.28,,,,,,,,,,,,,,,
OPEN,88,42.64,,,,,,,,,,,,,,,
OPEN,89,60.65,,,,,,,,,,,,,,,
OPEN,90,226.57,,,,,,,,,,,,,,,
OPEN,91,4.79,,,,,,,,,,,,,,,
OPEN,92,9.581,,,,,,,,,,,,,,,
OPEN,93,1167.4,,,,,,,,,,,,,,,
OPEN,94,19.405,,,,,,,,,,,,,,,
PR_CLOSE,1,255.76,,,,,,,,,,,,,,,
PR_CLOSE,2,22.87,,,,,,,,,,,,,,,
PR_CLOSE,3,63.6,,,,,,,,,,,,,,,
PR_CLOSE,4,209.53,,,,,,,,,,,,,,,
PR_CLOSE,5,0.45,,,,,,,,,,,,,,,
PR_CLOSE,6,1180.4,,,,,,,,,,,,,,,
PR_CLOSE,7,335.97,,,,,,,,,,,,,,,
PR_CLOSE,8,192.5,,,,,,,,,,,,,,,
PR_CLOSE,9,2.42,,,,,,,,,,,,,,,
PR_CLOSE,10,1.97,,,,,,,,,,,,,,,
PR_CLOSE,11,105.5,,,,,,,,,,,,,,,
PR_CLOSE,12,77.74,,,,,,,,,,,,,,,
PR_CLOSE,13,76.07,,,,,,,,,,,,,,,
PR_CLOSE,14,2.39,,,,,,,,,,,,,,,
PR_CLOSE,15,99.43,,,,,,,,,,,,,,,
PR_CLOSE,16,18.325,,,,,,,,,,,,,,,
PR_CLOSE,17,153.06,,,,,,,,,,,,,,,
PR_CLOSE,18,11.94,,,,,,,,,,,,,,,
PR_CLOSE,19,19.395,,,,,,,,,,,,,,,
PR_CLOSE,20,380.8,,,,,,,,,,,,,,,
PR_CLOSE,21,73.45,,,,,,,,,,,,,,,
PR_CLOSE,22,21.58,,,,,,,,,,,,,,,
PR_CLOSE,23,18.95,,,,,,,,,,,,,,,
PR_CLOSE,24,361.1,,,,,,,,,,,,,,,
PR_CLOSE,25,74.96,,,,,,,,,,,,,,,
PR_CLOSE,26,11.675,,,,,,,,,,,,,,,
PR_CLOSE,27,6.44,,,,,,,,,,,,,,,
PR_CLOSE,28,53.39,,,,,,,,,,,,,,,
PR_CLOSE,29,401.86,,,,,,,,,,,,,,,
PR_CLOSE,30,91.73,,,,,,,,,,,,,,,
PR_CLOSE,31,114.48,,,,,,,,,,,,,,,
PR_CLOSE,32,94.31,,,,,,,,,,,,,,,
PR_CLOSE,33,0.9869,,,,,,,,,,,,,,,
PR_CLOSE,34,60.07,,,,,,,,,,,,,,,
PR_CLOSE,35,5.55,,,,,,,,,,,,,,,
PR_CLOSE,36,7.44,,,,,,,,,,,,,,,
PR_CLOSE,37,0.8998,,,,,,,,,,,,,,,
PR_CLOSE,38,26.6,,,,,,,,,,,,,,,
PR_CLOSE,39,55.6,,,,,,,,,,,,,,,
PR_CLOSE,40,167.02,,,,,,,,,,,,,,,
PR_CLOSE,41,19.85,,,,,,,,,,,,,,,
PR_CLOSE,42,8.19,,,,,,,,,,,,,,,
PR_CLOSE,43,395.01,,,,,,,,,,,,,,,
PR_CLOSE,44,336.71,,,,,,,,,,,,,,,
PR_CLOSE,45,35.65,,,,,,,,,,,,,,,
PR_CLOSE,46,7.82,,,,,,,,,,,,,,,
PR_CLOSE,47,35.55,,,,,,,,,,,,,,,
PR_CLOSE,48,68.1,,,,,,,,,,,,,,,
PR_CLOSE,49,13.8,,,,,,,,,,,,,,,
PR_CLOSE,50,0.0,,,,,,,,,,,,,,,
PR_CLOSE,51,153.53,,,,,,,,,,,,,,,
PR_CLOSE,52,5.66,,,,,,,,,,,,,,,
PR_CLOSE,53,0.45,,,,,,,,,,,,,,,
PR_CLOSE,54,2.39,,,,,,,,,,,,,,,
PR_CLOSE,55,18.325,,,,,,,,,,,,,,,
PR_CLOSE,56,19.395,,,,,,,,,,,,,,,
PR_CLOSE,57,21.765,,,,,,,,,,,,,,,
PR_CLOSE,58,0.0,,,,,,,,,,,,,,,
PR_CLOSE,59,65.66,,,,,,,,,,,,,,,
PR_CLOSE,60,17.175,,,,,,,,,,,,,,,
PR_CLOSE,61,55.6,,,,,,,,,,,,,,,
PR_CLOSE,62,167.02,,,,,,,,,,,,,,,
PR_CLOSE,63,35.65,,,,,,,,,,,,,,,
PR_CLOSE,64,255.76,,,,,,,,,,,,,,,
PR_CLOSE,65,209.53,,,,,,,,,,,,,,,
PR_CLOSE,66,1180.4,,,,,,,,,,,,,,,
PR_CLOSE,67,2.39,,,,,,,,,,,,,,,
PR_CLOSE,68,99.43,,,,,,,,,,,,,,,
PR_CLOSE,69,73.45,,,,,,,,,,,,,,,
PR_CLOSE,70,361.1,,,,,,,,,,,,,,,
PR_CLOSE,71,53.39,,,,,,,,,,,,,,,
PR_CLOSE,72,0.6571,,,,,,,,,,,,,,,
PR_CLOSE,73,21.765,,,,,,,,,,,,,,,
PR_CLOSE,74,380.8,,,,,,,,,,,,,,,
PR_CLOSE,75,12.04,,,,,,,,,,,,,,,
PR_CLOSE,76,65.66,,,,,,,,,,,,,,,
PR_CLOSE,77,204.1,,,,,,,,,,,,,,,
PR_CLOSE,78,787.52,,,,,,,,,,,,,,,
PR_CLOSE,79,0.05739,,,,,,,,,,,,,,,
PR_CLOSE,80,38.61,,,,,,,,,,,,,,,
PR_CLOSE,81,497.31,,,,,,,,,,,,,,,
PR_CLOSE,82,10.3,,,,,,,,,,,,,,,
PR_CLOSE,83,154.25,,,,,,,,,,,,,,,
PR_CLOSE,84,17.175,,,,,,,,,,,,,,,
PR_CLOSE,85,58.41,,,,,,,,,,,,,,,
PR_CLOSE,86,26.86,,,,,,,,,,,,,,,
PR_CLOSE,87,6.28,,,,,,,,,,,,,,,
PR_CLOSE,88,42.78,,,,,,,,,,,,,,,
PR_CLOSE,89,59.9,,,,,,,,,,,,,,,
PR_CLOSE,90,224.73,,,,,,,,,,,,,,,
PR_CLOSE,91,4.7,,,,,,,,,,,,,,,
PR_CLOSE,92,9.711,,,,,,,,,,,,,,,
PR_CLOSE,93,1180.4,,,,,,,,,,,,,,,
PR_CLOSE,94,19.395,,,,,,,,,,,,,,,
HIGH,1,256.33,,,,,,,,,,,,,,,
HIGH,2,23.35,,,,,,,,,,,,,,,
HIGH,3,67.0,,,,,,,,,,,,,,,
HIGH,4,210.56,,,,,,,,,,,,,,,
HIGH,5,0.469,,,,,,,,,,,,,,,
HIGH,6,1207.4,,,,,,,,,,,,,,,
HIGH,7,338.32,,,,,,,,,,,,,,,
HIGH,8,193.65,,,,,,,,,,,,,,,
HIGH,9,2.62,,,,,,,,,,,,,,,
HIGH,10,2.005,,,,,,,,,,,,,,,
HIGH,11,107.9,,,,,,,,,,,,,,,
HIGH,12,79.26,,,,,,,,,,,,,,,
HIGH,13,77.17,,,,,,,,,,,,,,,
HIGH,14,2.4851,,,,,,,,,,,,,,,
HIGH,15,100.77,,,,,,,,,,,,,,,
HIGH,16,18.81,,,,,,,,,,,,,,,
HIGH,17,153.77,,,,,,,,,,,,,,,
HIGH,18,12.05,,,,,,,,,,,,,,,
HIGH,19,20.11,,,,,,,,,,,,,,,
HIGH,20,377.8,,,,,,,,,,,,,,,
HIGH,21,73.94,,,,,,,,,,,,,,,
HIGH,22,21.98,,,,,,,,,,,,,,,
HIGH,23,19.16,,,,,,,,,,,,,,,
HIGH,24,359.9,,,,,,,,,,,,,,,
HIGH,25,75.87,,,,,,,,,,,,,,,
HIGH,26,11.7,,,,,,,,,,,,,,,
HIGH,27,6.82,,,,,,,,,,,,,,,
HIGH,28,55.09,,,,,,,,,,,,,,,
HIGH,29,404.8,,,,,,,,,,,,,,,
HIGH,30,93.9,,,,,,,,,,,,,,,
HIGH,31,114.58,,,,,,,,,,,,,,,
HIGH,32,95.68,,,,,,,,,,,,,,,
HIGH,33,1.03,,,,,,,,,,,,,,,
HIGH,34,59.24,,,,,,,,,,,,,,,
HIGH,35,6.0496,,,,,,,,,,,,,,,
HIGH,36,7.7,,,,,,,,,,,,,,,
HIGH,37,0.8998,,,,,,,,,,,,,,,
HIGH,38,27.16,,,,,,,,,,,,,,,
HIGH,39,57.48,,,,,,,,,,,,,,,
HIGH,40,168.36,,,,,,,,,,,,,,,
HIGH,41,20.95,,,,,,,,,,,,,,,
HIGH,42,8.27,,,,,,,,,,,,,,,
HIGH,43,400.2,,,,,,,,,,,,,,,
HIGH,44,344.5169,,,,,,,,,,,,,,,
HIGH,45,38.4,,,,,,,,,,,,,,,
HIGH,46,7.93,,,,,,,,,,,,,,,
HIGH,47,35.46,,,,,,,,,,,,,,,
HIGH,48,68.2,,,,,,,,,,,,,,,
HIGH,49,13.97,,,,,,,,,,,,,,,
HIGH,50,0.0,,,,,,,,,,,,,,,
HIGH,51,156.89,,,,,,,,,,,,,,,
HIGH,52,5.78,,,,,,,,,,,,,,,
HIGH,53,0.469,,,,,,,,,,,,,,,
HIGH,54,2.4851,,,,,,,,,,,,,,,
HIGH,55,18.81,,,,,,,,,,,,,,,
HIGH,56,20.11,,,,,,,,,,,,,,,
HIGH,57,22.35,,,,,,,,,,,,,,,
HIGH,58,0.0,,,,,,,,,,,,,,,
HIGH,59,65.62,,,,,,,,,,,,,,,
HIGH,60,17.635,,,,,,,,,,,,,,,
HIGH,61,57.48,,,,,,,,,,,,,,,
HIGH,62,168.36,,,,,,,,,,,,,,,
HIGH,63,38.4,,,,,,,,,,,,,,,
HIGH,64,256.33,,,,,,,,,,,,,,,
HIGH,65,210.56,,,,,,,,,,,,,,,
HIGH,66,1207.4,,,,,,,,,,,,,,,
HIGH,67,2.4851,,,,,,,,,,,,,,,
HIGH,68,100.77,,,,,,,,,,,,,,,
HIGH,69,73.94,,,,,,,,,,,,,,,
HIGH,70,359.9,,,,,,,,,,,,,,,
HIGH,71,55.09,,,,,,,,,,,,,,,
HIGH,72,0.6699,,,,,,,,,,,,,,,
HIGH,73,22.35,,,,,,,,,,,,,,,
HIGH,74,377.8,,,,,,,,,,,,,,,
HIGH,75,12.13,,,,,,,,,,,,,,,
HIGH,76,65.62,,,,,,,,,,,,,,,
HIGH,77,210.0,,,,,,,,,,,,,,,
HIGH,78,798.0,,,,,,,,,,,,,,,
HIGH,79,0.06,,,,,,,,,,,,,,,
HIGH,80,39.84,,,,,,,,,,,,,,,
HIGH,81,501.86,,,,,,,,,,,,,,,
HIGH,82,10.61,,,,,,,,,,,,,,,
HIGH,83,155.955,,,,,,,,,,,,,,,
HIGH,84,17.635,,,,,,,,,,,,,,,
HIGH,85,58.33,,,,,,,,,,,,,,,
HIGH,86,27.28,,,,,,,,,,,,,,,
HIGH,87,6.47,,,,,,,,,,,,,,,
HIGH,88,43.65,,,,,,,,,,,,,,,
HIGH,89,61.45,,,,,,,,,,,,,,,
HIGH,90,228.3,,,,,,,,,,,,,,,
HIGH,91,4.803,,,,,,,,,,,,,,,
HIGH,92,9.813,,,,,,,,,,,,,,,
HIGH,93,1207.4,,,,,,,,,,,,,,,
HIGH,94,20.11,,,,,,,,,,,,,,,
LOW,1,249.52,,,,,,,,,,,,,,,
LOW,2,22.47,,,,,,,,,,,,,,,
LOW,3,62.0,,,,,,,,,,,,,,,
LOW,4,206.22,,,,,,,,,,,,,,,
LOW,5,0.44,,,,,,,,,,,,,,,
LOW,6,1160.2,,,,,,,,,,,,,,,
LOW,7,321.43,,,,,,,,,,,,,,,
LOW,8,189.43,,,,,,,,,,,,,,,
LOW,9,2.37,,,,,,,,,,,,,,,
LOW,10,1.95,,,,,,,,,,,,,,,
LOW,11,105.39,,,,,,,,,,,,,,,
LOW,12,77.935,,,,,,,,,,,,,,,
LOW,13,76.0302,,,,,,,,,,,,,,,
LOW,14,2.385,,,,,,,,,,,,,,,
LOW,15,99.16,,,,,,,,,,,,,,,
LOW,16,18.22,,,,,,,,,,,,,,,
LOW,17,146.09,,,,,,,,,,,,,,,
LOW,18,11.76,,,,,,,,,,,,,,,
LOW,19,19.27,,,,,,,,,,,,,,,
LOW,20,369.4,,,,,,,,,,,,,,,
LOW,21,72.09,,,,,,,,,,,,,,,
LOW,22,21.36,,,,,,,,,,,,,,,
LOW,23,18.615,,,,,,,,,,,,,,,
LOW,24,352.8,,,,,,,,,,,,,,,
LOW,25,74.0,,,,,,,,,,,,,,,
LOW,26,9.51,,,,,,,,,,,,,,,
LOW,27,6.5,,,,,,,,,,,,,,,
LOW,28,51.44,,,,,,,,,,,,,,,
LOW,29,394.25,,,,,,,,,,,,,,,
LOW,30,92.31,,,,,,,,,,,,,,,
LOW,31,108.8,,,,,,,,,,,,,,,
LOW,32,94.24,,,,,,,,,,,,,,,
LOW,33,0.9601,,,,,,,,,,,,,,,
LOW,34,55.67,,,,,,,,,,,,,,,
LOW,35,5.37,,,,,,,,,,,,,,,
LOW,36,6.8,,,,,,,,,,,,,,,
LOW,37,0.8602,,,,,,,,,,,,,,,
LOW,38,25.53,,,,,,,,,,,,,,,
LOW,39,55.14,,,,,,,,,,,,,,,
LOW,40,165.14,,,,,,,,,,,,,,,
LOW,41,19.68,,,,,,,,,,,,,,,
LOW,42,7.825,,,,,,,,,,,,,,,
LOW,43,389.95,,,,,,,,,,,,,,,
LOW,44,336.22,,,,,,,,,,,,,,,
LOW,45,36.15,,,,,,,,,,,,,,,
LOW,46,7.565,,,,,,,,,,,,,,,
LOW,47,34.1,,,,,,,,,,,,,,,
LOW,48,67.0,,,,,,,,,,,,,,,
LOW,49,13.48,,,,,,,,,,,,,,,
LOW,50,0.0,,,,,,,,,,,,,,,
LOW,51,152.975,,,,,,,,,,,,,,,
LOW,52,5.6,,,,,,,,,,,,,,,
LOW,53,0.44,,,,,,,,,,,,,,,
LOW,54,2.385,,,,,,,,,,,,,,,
LOW,55,18.22,,,,,,,,,,,,,,,
LOW,56,19.27,,,,,,,,,,,,,,,
LOW,57,21.94,,,,,,,,,,,,,,,
LOW,58,0.0,,,,,,,,,,,,,,,
LOW,59,63.98,,,,,,,,,,,,,,,
LOW,60,17.035,,,,,,,,,,,,,,,
LOW,61,55.14,,,,,,,,,,,,,,,
LOW,62,165.14,,,,,,,,,,,,,,,
LOW,63,36.15,,,,,,,,,,,,,,,
LOW,64,249.52,,,,,,,,,,,,,,,
LOW,65,206.22,,,,,,,,,,,,,,,
LOW,66,1160.2,,,,,,,,,,,,,,,
LOW,67,2.385,,,,,,,,,,,,,,,
LOW,68,99.16,,,,,,,,,,,,,,,
LOW,69,72.09,,,,,,,,,,,,,,,
LOW,70,352.8,,,,,,,,,,,,,,,
LOW,71,51.44,,,,,,,,,,,,,,,
LOW,72,0.6315,,,,,,,,,,,,,,,
LOW,73,21.94,,,,,,,,,,,,,,,
LOW,74,369.4,,,,,,,,,,,,,,,
LOW,75,11.65,,,,,,,,,,,,,,,
LOW,76,63.98,,,,,,,,,,,,,,,
LOW,77,199.65,,,,,,,,,,,,,,,
LOW,78,780.5,,,,,,,,,,,,,,,
LOW,79,0.0547,,,,,,,,,,,,,,,
LOW,80,38.09,,,,,,,,,,,,,,,
LOW,81,495.4,,,,,,,,,,,,,,,
LOW,82,10.125,,,,,,,,,,,,,,,
LOW,83,153.18,,,,,,,,,,,,,,,
LOW,84,17.035,,,,,,,,,,,,,,,
LOW,85,57.06,,,,,,,,,,,,,,,
LOW,86,26.575,,,,,,,,,,,,,,,
LOW,87,6.255,,,,,,,,,,,,,,,
LOW,88,42.39,,,,,,,,,,,,,,,
LOW,89,59.67,,,,,,,,,,,,,,,
LOW,90,215.97,,,,,,,,,,,,,,,
LOW,91,4.67,,,,,,,,,,,,,,,
LOW,92,9.548,,,,,,,,,,,,,,,
LOW,93,1160.2,,,,,,,,,,,,,,,
LOW,94,19.27,,,,,,,,,,,,,,,
Last_Trade,1,2026-03-13 23:59:58.557000,,,,,,,,,,,,,,,
Last_Trade,2,2026-03-13 23:43:31.180000,,,,,,,,,,,,,,,
Last_Trade,3,2026-03-13 16:19:09.294000,,,,,,,,,,,,,,,
Last_Trade,4,2026-03-13 23:59:53.406000,,,,,,,,,,,,,,,
Last_Trade,5,2026-03-13 17:00:00,,,,,,,,,,,,,,,
Last_Trade,6,2026-03-13 17:00:00,,,,,,,,,,,,,,,
Last_Trade,7,2026-03-13 23:59:59.588000,,,,,,,,,,,,,,,
Last_Trade,8,2026-03-13 23:00:00.001000,,,,,,,,,,,,,,,
Last_Trade,9,2026-03-13 23:49:21.283000,,,,,,,,,,,,,,,
Last_Trade,10,2026-03-13 20:10:05.082000,,,,,,,,,,,,,,,
Last_Trade,11,2026-03-13 23:59:54.629000,,,,,,,,,,,,,,,
Last_Trade,12,2026-03-13 23:58:35.806000,,,,,,,,,,,,,,,
Last_Trade,13,2026-03-13 23:57:10.238000,,,,,,,,,,,,,,,
Last_Trade,14,2026-03-13 23:59:29.349000,,,,,,,,,,,,,,,
Last_Trade,15,2026-03-13 23:59:30.479000,,,,,,,,,,,,,,,
Last_Trade,16,2026-03-13 17:00:00,,,,,,,,,,,,,,,
Last_Trade,17,2026-03-13 23:25:08.179000,,,,,,,,,,,,,,,
Last_Trade,18,2026-03-13 23:07:56.611000,,,,,,,,,,,,,,,
Last_Trade,19,2026-03-13 21:05:00,,,,,,,,,,,,,,,
Last_Trade,20,2026-03-13 16:28:28.360000,,,,,,,,,,,,,,,
Last_Trade,21,2026-03-13 23:59:32.407000,,,,,,,,,,,,,,,
Last_Trade,22,2026-03-13 23:58:51.554000,,,,,,,,,,,,,,,
Last_Trade,23,2026-03-13 23:59:30.562000,,,,,,,,,,,,,,,
Last_Trade,24,2026-03-13 16:46:22.487000,,,,,,,,,,,,,,,
Last_Trade,25,2026-03-13 23:58:44.001000,,,,,,,,,,,,,,,
Last_Trade,26,2026-03-13 20:10:04.830000,,,,,,,,,,,,,,,
Last_Trade,27,2026-03-13 23:59:51.698000,,,,,,,,,,,,,,,
Last_Trade,28,2026-03-13 23:59:50.954000,,,,,,,,,,,,,,,
Last_Trade,29,2026-03-13 23:59:56.622000,,,,,,,,,,,,,,,
Last_Trade,30,2026-03-13 23:58:07.827000,,,,,,,,,,,,,,,
Last_Trade,31,2026-03-13 23:59:27.197000,,,,,,,,,,,,,,,
Last_Trade,32,2026-03-13 23:59:59.040000,,,,,,,,,,,,,,,
Last_Trade,33,2026-03-13 23:24:02.767000,,,,,,,,,,,,,,,
Last_Trade,34,2026-03-13 23:59:43.476000,,,,,,,,,,,,,,,
Last_Trade,35,2026-03-13 23:41:36.276000,,,,,,,,,,,,,,,
Last_Trade,36,2026-03-13 23:59:47.422000,,,,,,,,,,,,,,,
Last_Trade,37,2026-03-14 00:00:00.004000,,,,,,,,,,,,,,,
Last_Trade,38,2026-03-13 23:58:52.733000,,,,,,,,,,,,,,,
Last_Trade,39,2026-03-13 21:05:00,,,,,,,,,,,,,,,
Last_Trade,40,2026-03-13 21:05:00,,,,,,,,,,,,,,,
Last_Trade,41,2026-03-14 00:10:00,,,,,,,,,,,,,,,
Last_Trade,42,2026-03-13 23:43:37.161000,,,,,,,,,,,,,,,
Last_Trade,43,2026-03-13 23:59:59.538000,,,,,,,,,,,,,,,
Last_Trade,44,2026-03-13 23:59:59.316000,,,,,,,,,,,,,,,
Last_Trade,45,2026-03-13 21:05:15,,,,,,,,,,,,,,,
Last_Trade,46,2026-03-13 20:21:09.607000,,,,,,,,,,,,,,,
Last_Trade,47,2026-03-14 00:10:00,,,,,,,,,,,,,,,
Last_Trade,48,2026-03-13 17:50:42,,,,,,,,,,,,,,,
Last_Trade,49,2026-03-13 23:24:18.114000,,,,,,,,,,,,,,,
Last_Trade,50,00:00:00,,,,,,,,,,,,,,,
Last_Trade,51,2026-03-13 23:59:59.272000,,,,,,,,,,,,,,,
Last_Trade,52,2026-03-13 23:00:00.002000,,,,,,,,,,,,,,,
Last_Trade,53,2026-03-13 17:00:00,,,,,,,,,,,,,,,
Last_Trade,54,2026-03-13 23:59:29.349000,,,,,,,,,,,,,,,
Last_Trade,55,2026-03-13 17:00:00,,,,,,,,,,,,,,,
Last_Trade,56,2026-03-13 21:05:00,,,,,,,,,,,,,,,
Last_Trade,57,2026-03-13 17:00:00,,,,,,,,,,,,,,,
Last_Trade,58,00:00:00,,,,,,,,,,,,,,,
Last_Trade,59,2026-03-13 17:00:00,,,,,,,,,,,,,,,
Last_Trade,60,2026-03-13 17:00:00,,,,,,,,,,,,,,,
Last_Trade,61,2026-03-13 21:05:00,,,,,,,,,,,,,,,
Last_Trade,62,2026-03-13 21:05:00,,,,,,,,,,,,,,,
Last_Trade,63,2026-03-13 21:05:15,,,,,,,,,,,,,,,
Last_Trade,64,2026-03-13 23:59:58.557000,,,,,,,,,,,,,,,
Last_Trade,65,2026-03-13 23:59:53.406000,,,,,,,,,,,,,,,
Last_Trade,66,2026-03-13 17:00:00,,,,,,,,,,,,,,,
Last_Trade,67,2026-03-13 23:59:29.349000,,,,,,,,,,,,,,,
Last_Trade,68,2026-03-13 23:59:30.479000,,,,,,,,,,,,,,,
Last_Trade,69,2026-03-13 23:59:32.407000,,,,,,,,,,,,,,,
Last_Trade,70,2026-03-13 16:46:22.487000,,,,,,,,,,,,,,,
Last_Trade,71,2026-03-13 23:59:50.954000,,,,,,,,,,,,,,,
Last_Trade,72,2026-03-13 23:56:38.480000,,,,,,,,,,,,,,,
Last_Trade,73,2026-03-13 17:00:00,,,,,,,,,,,,,,,
Last_Trade,74,2026-03-13 16:28:28.360000,,,,,,,,,,,,,,,
Last_Trade,75,2026-03-13 23:59:51.048000,,,,,,,,,,,,,,,
Last_Trade,76,2026-03-13 17:00:00,,,,,,,,,,,,,,,
Last_Trade,77,2026-03-13 23:46:37.152000,,,,,,,,,,,,,,,
Last_Trade,78,2026-03-13 23:59:40.317000,,,,,,,,,,,,,,,
Last_Trade,79,2026-03-14 00:10:00,,,,,,,,,,,,,,,
Last_Trade,80,2026-03-13 23:58:28.534000,,,,,,,,,,,,,,,
Last_Trade,81,2026-03-13 23:56:47.777000,,,,,,,,,,,,,,,
Last_Trade,82,2026-03-13 23:59:31.544000,,,,,,,,,,,,,,,
Last_Trade,83,2026-03-13 23:37:33.728000,,,,,,,,,,,,,,,
Last_Trade,84,2026-03-13 17:00:00,,,,,,,,,,,,,,,
Last_Trade,85,2026-03-13 23:59:55.304000,,,,,,,,,,,,,,,
Last_Trade,86,2026-03-13 23:59:50.086000,,,,,,,,,,,,,,,
Last_Trade,87,2026-03-13 23:59:50.139000,,,,,,,,,,,,,,,
Last_Trade,88,2026-03-13 23:04:34.561000,,,,,,,,,,,,,,,
Last_Trade,89,2026-03-13 23:57:59.487000,,,,,,,,,,,,,,,
Last_Trade,90,2026-03-13 23:59:18.777000,,,,,,,,,,,,,,,
Last_Trade,91,2026-03-13 23:48:10.293000,,,,,,,,,,,,,,,
Last_Trade,92,2026-03-13 16:36:34.425000,,,,,,,,,,,,,,,
Last_Trade,93,2026-03-13 17:00:00,,,,,,,,,,,,,,,
Last_Trade,94,2026-03-13 21:05:00,,,,,,,,,,,,,,,
Exchange abbreviation,1,XNAS,,,,,,,,,,,,,,,
Exchange abbreviation,2,XNAS,,,,,,,,,,,,,,,
Exchange abbreviation,3,XLON,,,,,,,,,,,,,,,
Exchange abbreviation,4,XNAS,,,,,,,,,,,,,,,
Exchange abbreviation,5,XPAR,,,,,,,,,,,,,,,
Exchange abbreviation,6,XAMS,,,,,,,,,,,,,,,
Exchange abbreviation,7,XNAS,,,,,,,,,,,,,,,
Exchange abbreviation,8,XNYS,,,,,,,,,,,,,,,
Exchange abbreviation,9,XNAS,,,,,,,,,,,,,,,
Exchange abbreviation,10,XNAS,,,,,,,,,,,,,,,
Exchange abbreviation,11,XNYS,,,,,,,,,,,,,,,
Exchange abbreviation,12,XNAS,,,,,,,,,,,,,,,
Exchange abbreviation,13,XNYS,,,,,,,,,,,,,,,
Exchange abbreviation,14,XNYS,,,,,,,,,,,,,,,
Exchange abbreviation,15,XNYS,,,,,,,,,,,,,,,
Exchange abbreviation,16,XPAR,,,,,,,,,,,,,,,
Exchange abbreviation,17,XNYS,,,,,,,,,,,,,,,
Exchange abbreviation,18,XNYS,,,,,,,,,,,,,,,
Exchange abbreviation,19,XETR,,,,,,,,,,,,,,,
Exchange abbreviation,20,XLON,,,,,,,,,,,,,,,
Exchange abbreviation,21,XNYS,,,,,,,,,,,,,,,
Exchange abbreviation,22,XNYS,,,,,,,,,,,,,,,
Exchange abbreviation,23,XNYS,,,,,,,,,,,,,,,
Exchange abbreviation,24,XLON,,,,,,,,,,,,,,,
Exchange abbreviation,25,XNYS,,,,,,,,,,,,,,,
Exchange abbreviation,26,XNAS,,,,,,,,,,,,,,,
Exchange abbreviation,27,XNYS,,,,,,,,,,,,,,,
Exchange abbreviation,28,XNAS,,,,,,,,,,,,,,,
Exchange abbreviation,29,XNAS,,,,,,,,,,,,,,,
Exchange abbreviation,30,XNYS,,,,,,,,,,,,,,,
Exchange abbreviation,31,XNYS,,,,,,,,,,,,,,,
Exchange abbreviation,32,XNAS,,,,,,,,,,,,,,,
Exchange abbreviation,33,XNYS,,,,,,,,,,,,,,,
Exchange abbreviation,34,XNYS,,,,,,,,,,,,,,,
Exchange abbreviation,35,XNAS,,,,,,,,,,,,,,,
Exchange abbreviation,36,XNAS,,,,,,,,,,,,,,,
Exchange abbreviation,37,XNYS,,,,,,,,,,,,,,,
Exchange abbreviation,38,XNAS,,,,,,,,,,,,,,,
Exchange abbreviation,39,XETR,,,,,,,,,,,,,,,
Exchange abbreviation,40,XETR,,,,,,,,,,,,,,,
Exchange abbreviation,41,OTCM,,,,,,,,,,,,,,,
Exchange abbreviation,42,XNAS,,,,,,,,,,,,,,,
Exchange abbreviation,43,XNAS,,,,,,,,,,,,,,,
Exchange abbreviation,44,XNYS,,,,,,,,,,,,,,,
Exchange abbreviation,45,XETR,,,,,,,,,,,,,,,
Exchange abbreviation,46,XNAS,,,,,,,,,,,,,,,
Exchange abbreviation,47,OTCM,,,,,,,,,,,,,,,
Exchange abbreviation,48,XSWX,,,,,,,,,,,,,,,
Exchange abbreviation,49,XNAS,,,,,,,,,,,,,,,
Exchange abbreviation,50,NONE,,,,,,,,,,,,,,,
Exchange abbreviation,51,XNYS,,,,,,,,,,,,,,,
Exchange abbreviation,52,XNYS,,,,,,,,,,,,,,,
Exchange abbreviation,53,XPAR,,,,,,,,,,,,,,,
Exchange abbreviation,54,XNYS,,,,,,,,,,,,,,,
Exchange abbreviation,55,XPAR,,,,,,,,,,,,,,,
Exchange abbreviation,56,XETR,,,,,,,,,,,,,,,
Exchange abbreviation,57,XMIL,,,,,,,,,,,,,,,
Exchange abbreviation,58,NONE,,,,,,,,,,,,,,,
Exchange abbreviation,59,XPAR,,,,,,,,,,,,,,,
Exchange abbreviation,60,XPAR,,,,,,,,,,,,,,,
Exchange abbreviation,61,XETR,,,,,,,,,,,,,,,
Exchange abbreviation,62,XETR,,,,,,,,,,,,,,,
Exchange abbreviation,63,XETR,,,,,,,,,,,,,,,
Exchange abbreviation,64,XNAS,,,,,,,,,,,,,,,
Exchange abbreviation,65,XNAS,,,,,,,,,,,,,,,
Exchange abbreviation,66,XAMS,,,,,,,,,,,,,,,
Exchange abbreviation,67,XNYS,,,,,,,,,,,,,,,
Exchange abbreviation,68,XNYS,,,,,,,,,,,,,,,
Exchange abbreviation,69,XNYS,,,,,,,,,,,,,,,
Exchange abbreviation,70,XLON,,,,,,,,,,,,,,,
Exchange abbreviation,71,XNAS,,,,,,,,,,,,,,,
Exchange abbreviation,72,XNAS,,,,,,,,,,,,,,,
Exchange abbreviation,73,XMIL,,,,,,,,,,,,,,,
Exchange abbreviation,74,XLON,,,,,,,,,,,,,,,
Exchange abbreviation,75,XNYS,,,,,,,,,,,,,,,
Exchange abbreviation,76,XPAR,,,,,,,,,,,,,,,
Exchange abbreviation,77,XNYS,,,,,,,,,,,,,,,
Exchange abbreviation,78,XNYS,,,,,,,,,,,,,,,
Exchange abbreviation,79,OTCM,,,,,,,,,,,,,,,
Exchange abbreviation,80,XNYS,,,,,,,,,,,,,,,
Exchange abbreviation,81,XNYS,,,,,,,,,,,,,,,
Exchange abbreviation,82,XNAS,,,,,,,,,,,,,,,
Exchange abbreviation,83,XNYS,,,,,,,,,,,,,,,
Exchange abbreviation,84,XPAR,,,,,,,,,,,,,,,
Exchange abbreviation,85,XNYS,,,,,,,,,,,,,,,
Exchange abbreviation,86,XNYS,,,,,,,,,,,,,,,
Exchange abbreviation,87,XNYS,,,,,,,,,,,,,,,
Exchange abbreviation,88,XNYS,,,,,,,,,,,,,,,
Exchange abbreviation,89,XNYS,,,,,,,,,,,,,,,
Exchange abbreviation,90,XNYS,,,,,,,,,,,,,,,
Exchange abbreviation,91,XNYS,,,,,,,,,,,,,,,
Exchange abbreviation,92,XLON,,,,,,,,,,,,,,,
Exchange abbreviation,93,XAMS,,,,,,,,,,,,,,,
Exchange abbreviation,94,XETR,,,,,,,,,,,,,,,
Column10,1,USD,,,,,,,,,,,,,,,
Column10,2,USD,,,,,,,,,,,,,,,
Column10,3,GBp,,,,,,,,,,,,,,,
Column10,4,USD,,,,,,,,,,,,,,,
Column10,5,EUR,,,,,,,,,,,,,,,
Column10,6,EUR,,,,,,,,,,,,,,,
Column10,7,USD,,,,,,,,,,,,,,,
Column10,8,USD,,,,,,,,,,,,,,,
Column10,9,USD,,,,,,,,,,,,,,,
Column10,10,USD,,,,,,,,,,,,,,,
Column10,11,USD,,,,,,,,,,,,,,,
Column10,12,USD,,,,,,,,,,,,,,,
Column10,13,USD,,,,,,,,,,,,,,,
Column10,14,USD,,,,,,,,,,,,,,,
Column10,15,USD,,,,,,,,,,,,,,,
Column10,16,EUR,,,,,,,,,,,,,,,
Column10,17,USD,,,,,,,,,,,,,,,
Column10,18,USD,,,,,,,,,,,,,,,
Column10,19,EUR,,,,,,,,,,,,,,,
Column10,20,GBp,,,,,,,,,,,,,,,
Column10,21,USD,,,,,,,,,,,,,,,
Column10,22,USD,,,,,,,,,,,,,,,
Column10,23,USD,,,,,,,,,,,,,,,
Column10,24,GBp,,,,,,,,,,,,,,,
Column10,25,USD,,,,,,,,,,,,,,,
Column10,26,USD,,,,,,,,,,,,,,,
Column10,27,USD,,,,,,,,,,,,,,,
Column10,28,USD,,,,,,,,,,,,,,,
Column10,29,USD,,,,,,,,,,,,,,,
Column10,30,USD,,,,,,,,,,,,,,,
Column10,31,USD,,,,,,,,,,,,,,,
Column10,32,USD,,,,,,,,,,,,,,,
Column10,33,USD,,,,,,,,,,,,,,,
Column10,34,USD,,,,,,,,,,,,,,,
Column10,35,USD,,,,,,,,,,,,,,,
Column10,36,USD,,,,,,,,,,,,,,,
Column10,37,USD,,,,,,,,,,,,,,,
Column10,38,USD,,,,,,,,,,,,,,,
Column10,39,EUR,,,,,,,,,,,,,,,
Column10,40,EUR,,,,,,,,,,,,,,,
Column10,41,USD,,,,,,,,,,,,,,,
Column10,42,USD,,,,,,,,,,,,,,,
Column10,43,USD,,,,,,,,,,,,,,,
Column10,44,USD,,,,,,,,,,,,,,,
Column10,45,EUR,,,,,,,,,,,,,,,
Column10,46,USD,,,,,,,,,,,,,,,
Column10,47,USD,,,,,,,,,,,,,,,
Column10,48,CHF,,,,,,,,,,,,,,,
Column10,49,USD,,,,,,,,,,,,,,,
Column10,50,NONE,,,,,,,,,,,,,,,
Column10,51,USD,,,,,,,,,,,,,,,
Column10,52,USD,,,,,,,,,,,,,,,
Column10,53,EUR,,,,,,,,,,,,,,,
Column10,54,USD,,,,,,,,,,,,,,,
Column10,55,EUR,,,,,,,,,,,,,,,
Column10,56,EUR,,,,,,,,,,,,,,,
Column10,57,EUR,,,,,,,,,,,,,,,
Column10,58,NONE,,,,,,,,,,,,,,,
Column10,59,EUR,,,,,,,,,,,,,,,
Column10,60,EUR,,,,,,,,,,,,,,,
Column10,61,EUR,,,,,,,,,,,,,,,
Column10,62,EUR,,,,,,,,,,,,,,,
Column10,63,EUR,,,,,,,,,,,,,,,
Column10,64,USD,,,,,,,,,,,,,,,
Column10,65,USD,,,,,,,,,,,,,,,
Column10,66,EUR,,,,,,,,,,,,,,,
Column10,67,USD,,,,,,,,,,,,,,,
Column10,68,USD,,,,,,,,,,,,,,,
Column10,69,USD,,,,,,,,,,,,,,,
Column10,70,GBp,,,,,,,,,,,,,,,
Column10,71,USD,,,,,,,,,,,,,,,
Column10,72,USD,,,,,,,,,,,,,,,
Column10,73,EUR,,,,,,,,,,,,,,,
Column10,74,GBp,,,,,,,,,,,,,,,
Column10,75,USD,,,,,,,,,,,,,,,
Column10,76,EUR,,,,,,,,,,,,,,,
Column10,77,USD,,,,,,,,,,,,,,,
Column10,78,USD,,,,,,,,,,,,,,,
Column10,79,USD,,,,,,,,,,,,,,,
Column10,80,USD,,,,,,,,,,,,,,,
Column10,81,USD,,,,,,,,,,,,,,,
Column10,82,USD,,,,,,,,,,,,,,,
Column10,83,USD,,,,,,,,,,,,,,,
Column10,84,EUR,,,,,,,,,,,,,,,
Column10,85,USD,,,,,,,,,,,,,,,
Column10,86,USD,,,,,,,,,,,,,,,
Column10,87,USD,,,,,,,,,,,,,,,
Column10,88,USD,,,,,,,,,,,,,,,
Column10,89,USD,,,,,,,,,,,,,,,
Column10,90,USD,,,,,,,,,,,,,,,
Column10,91,USD,,,,,,,,,,,,,,,
Column10,92,USD,,,,,,,,,,,,,,,
Column10,93,EUR,,,,,,,,,,,,,,,
Column10,94,EUR,,,,,,,,,,,,,,,
BETA,1,1.1228,,,,,,,,,,,,,,,
BETA,2,2.2653,,,,,,,,,,,,,,,
BETA,3,1.7455,,,,,,,,,,,,,,,
BETA,4,1.4018,,,,,,,,,,,,,,,
BETA,5,1.1318,,,,,,,,,,,,,,,
BETA,6,2.2147,,,,,,,,,,,,,,,
BETA,7,1.2454,,,,,,,,,,,,,,,
BETA,8,0.9762,,,,,,,,,,,,,,,
BETA,9,1.5611,,,,,,,,,,,,,,,
BETA,10,0.2392,,,,,,,,,,,,,,,
BETA,11,1.131,,,,,,,,,,,,,,,
BETA,12,0.823,,,,,,,,,,,,,,,
BETA,13,0.4764,,,,,,,,,,,,,,,
BETA,14,2.3193,,,,,,,,,,,,,,,
BETA,15,1.4394,,,,,,,,,,,,,,,
BETA,16,0.6147,,,,,,,,,,,,,,,
BETA,17,0.9324,,,,,,,,,,,,,,,
BETA,18,1.0413,,,,,,,,,,,,,,,
BETA,19,0.7578,,,,,,,,,,,,,,,
BETA,20,2.0614,,,,,,,,,,,,,,,
BETA,21,1.3669,,,,,,,,,,,,,,,
BETA,22,1.2877,,,,,,,,,,,,,,,
BETA,23,1.1551,,,,,,,,,,,,,,,
BETA,24,2.1524,,,,,,,,,,,,,,,
BETA,25,0.5413,,,,,,,,,,,,,,,
BETA,26,0.7929,,,,,,,,,,,,,,,
BETA,27,1.5728,,,,,,,,,,,,,,,
BETA,28,1.3345,,,,,,,,,,,,,,,
BETA,29,1.0883,,,,,,,,,,,,,,,
BETA,30,0.7417,,,,,,,,,,,,,,,
BETA,31,0.4532,,,,,,,,,,,,,,,
BETA,32,1.6933,,,,,,,,,,,,,,,
BETA,33,0.63,,,,,,,,,,,,,,,
BETA,34,1.5196,,,,,,,,,,,,,,,
BETA,35,0.5647,,,,,,,,,,,,,,,
BETA,36,0.3104,,,,,,,,,,,,,,,
BETA,37,1.51,,,,,,,,,,,,,,,
BETA,38,1.2641,,,,,,,,,,,,,,,
BETA,39,0.4317,,,,,,,,,,,,,,,
BETA,40,1.0891,,,,,,,,,,,,,,,
BETA,41,1.1884,,,,,,,,,,,,,,,
BETA,42,1.8098,,,,,,,,,,,,,,,
BETA,43,1.91,,,,,,,,,,,,,,,
BETA,44,1.355,,,,,,,,,,,,,,,
BETA,45,0.9142,,,,,,,,,,,,,,,
BETA,46,1.4964,,,,,,,,,,,,,,,
BETA,47,0.9531,,,,,,,,,,,,,,,
BETA,48,0.7851,,,,,,,,,,,,,,,
BETA,49,0.8211,,,,,,,,,,,,,,,
BETA,50,0.0,,,,,,,,,,,,,,,
BETA,51,0.3404,,,,,,,,,,,,,,,
BETA,52,0.626,,,,,,,,,,,,,,,
BETA,53,1.1318,,,,,,,,,,,,,,,
BETA,54,2.3193,,,,,,,,,,,,,,,
BETA,55,0.6147,,,,,,,,,,,,,,,
BETA,56,0.7578,,,,,,,,,,,,,,,
BETA,57,0.6634,,,,,,,,,,,,,,,
BETA,58,0.0,,,,,,,,,,,,,,,
BETA,59,1.2303,,,,,,,,,,,,,,,
BETA,60,0.2939,,,,,,,,,,,,,,,
BETA,61,0.4317,,,,,,,,,,,,,,,
BETA,62,1.0891,,,,,,,,,,,,,,,
BETA,63,0.9142,,,,,,,,,,,,,,,
BETA,64,1.1228,,,,,,,,,,,,,,,
BETA,65,1.4018,,,,,,,,,,,,,,,
BETA,66,2.2147,,,,,,,,,,,,,,,
BETA,67,2.3193,,,,,,,,,,,,,,,
BETA,68,1.4394,,,,,,,,,,,,,,,
BETA,69,1.3669,,,,,,,,,,,,,,,
BETA,70,2.1524,,,,,,,,,,,,,,,
BETA,71,1.3345,,,,,,,,,,,,,,,
BETA,72,1.8047,,,,,,,,,,,,,,,
BETA,73,0.6634,,,,,,,,,,,,,,,
BETA,74,2.0614,,,,,,,,,,,,,,,
BETA,75,1.6973,,,,,,,,,,,,,,,
BETA,76,1.2303,,,,,,,,,,,,,,,
BETA,77,1.7832,,,,,,,,,,,,,,,
BETA,78,1.3546,,,,,,,,,,,,,,,
BETA,79,1.3984,,,,,,,,,,,,,,,
BETA,80,1.1596,,,,,,,,,,,,,,,
BETA,81,0.8384,,,,,,,,,,,,,,,
BETA,82,2.577,,,,,,,,,,,,,,,
BETA,83,0.5248,,,,,,,,,,,,,,,
BETA,84,0.2939,,,,,,,,,,,,,,,
BETA,85,0.315,,,,,,,,,,,,,,,
BETA,86,0.4184,,,,,,,,,,,,,,,
BETA,87,1.4111,,,,,,,,,,,,,,,
BETA,88,0.5483,,,,,,,,,,,,,,,
BETA,89,2.6462,,,,,,,,,,,,,,,
BETA,90,1.4186,,,,,,,,,,,,,,,
BETA,91,0.3852,,,,,,,,,,,,,,,
BETA,92,0.629,,,,,,,,,,,,,,,
BETA,93,2.2147,,,,,,,,,,,,,,,
BETA,94,0.7578,,,,,,,,,,,,,,,
Currency,1,,,,,,,,,,,,,,,,
Currency,2,,,,,,,,,,,,,,,,
Currency,3,,,,,,,,,,,,,,,,
Currency,4,,,,,,,,,,,,,,,,
Currency,5,,,,,,,,,,,,,,,,
Currency,6,,,,,,,,,,,,,,,,
Currency,7,,,,,,,,,,,,,,,,
Currency,8,,,,,,,,,,,,,,,,
Currency,9,,,,,,,,,,,,,,,,
Currency,10,,,,,,,,,,,,,,,,
Currency,11,,,,,,,,,,,,,,,,
Currency,12,,,,,,,,,,,,,,,,
Currency,13,,,,,,,,,,,,,,,,
Currency,14,,,,,,,,,,,,,,,,
Currency,15,,,,,,,,,,,,,,,,
Currency,16,,,,,,,,,,,,,,,,
Currency,17,,,,,,,,,,,,,,,,
Currency,18,,,,,,,,,,,,,,,,
Currency,19,,,,,,,,,,,,,,,,
Currency,20,,,,,,,,,,,,,,,,
Currency,21,,,,,,,,,,,,,,,,
Currency,22,,,,,,,,,,,,,,,,
Currency,23,,,,,,,,,,,,,,,,
Currency,24,,,,,,,,,,,,,,,,
Currency,25,,,,,,,,,,,,,,,,
Currency,26,,,,,,,,,,,,,,,,
Currency,27,,,,,,,,,,,,,,,,
Currency,28,,,,,,,,,,,,,,,,
Currency,29,,,,,,,,,,,,,,,,
Currency,30,,,,,,,,,,,,,,,,
Currency,31,,,,,,,,,,,,,,,,
Currency,32,,,,,,,,,,,,,,,,
Currency,33,,,,,,,,,,,,,,,,
Currency,34,,,,,,,,,,,,,,,,
Currency,35,,,,,,,,,,,,,,,,
Currency,36,,,,,,,,,,,,,,,,
Currency,37,,,,,,,,,,,,,,,,
Currency,38,,,,,,,,,,,,,,,,
Currency,39,,,,,,,,,,,,,,,,
Currency,40,,,,,,,,,,,,,,,,
Currency,41,,,,,,,,,,,,,,,,
Currency,42,,,,,,,,,,,,,,,,
Currency,43,,,,,,,,,,,,,,,,
Currency,44,,,,,,,,,,,,,,,,
Currency,45,,,,,,,,,,,,,,,,
Currency,46,,,,,,,,,,,,,,,,
Currency,47,,,,,,,,,,,,,,,,
Currency,48,,,,,,,,,,,,,,,,
Currency,49,,,,,,,,,,,,,,,,
Currency,50,,,,,,,,,,,,,,,,
Currency,51,,,,,,,,,,,,,,,,
Currency,52,,,,,,,,,,,,,,,,
Currency,53,,,,,,,,,,,,,,,,
Currency,54,,,,,,,,,,,,,,,,
Currency,55,,,,,,,,,,,,,,,,
Currency,56,,,,,,,,,,,,,,,,
Currency,57,,,,,,,,,,,,,,,,
Currency,58,,,,,,,,,,,,,,,,
Currency,59,,,,,,,,,,,,,,,,
Currency,60,,,,,,,,,,,,,,,,
Currency,61,,,,,,,,,,,,,,,,
Currency,62,,,,,,,,,,,,,,,,
Currency,63,,,,,,,,,,,,,,,,
Currency,64,,,,,,,,,,,,,,,,
Currency,65,,,,,,,,,,,,,,,,
Currency,66,,,,,,,,,,,,,,,,
Currency,67,,,,,,,,,,,,,,,,
Currency,68,,,,,,,,,,,,,,,,
Currency,69,,,,,,,,,,,,,,,,
Currency,70,,,,,,,,,,,,,,,,
Currency,71,,,,,,,,,,,,,,,,
Currency,72,,,,,,,,,,,,,,,,
Currency,73,,,,,,,,,,,,,,,,
Currency,74,,,,,,,,,,,,,,,,
Currency,75,,,,,,,,,,,,,,,,
Currency,76,,,,,,,,,,,,,,,,
Currency,77,,,,,,,,,,,,,,,,
Currency,78,,,,,,,,,,,,,,,,
Currency,79,,,,,,,,,,,,,,,,
Currency,80,,,,,,,,,,,,,,,,
Currency,81,,,,,,,,,,,,,,,,
Currency,82,,,,,,,,,,,,,,,,
Currency,83,,,,,,,,,,,,,,,,
Currency,84,,,,,,,,,,,,,,,,
Currency,85,,,,,,,,,,,,,,,,
Currency,86,,,,,,,,,,,,,,,,
Currency,87,,,,,,,,,,,,,,,,
Currency,88,,,,,,,,,,,,,,,,
Currency,89,,,,,,,,,,,,,,,,
Currency,90,,,,,,,,,,,,,,,,
Currency,91,,,,,,,,,,,,,,,,
Currency,92,,,,,,,,,,,,,,,,
Currency,93,,,,,,,,,,,,,,,,
Currency,94,,,,,,,,,,,,,,,,
Change (%),1,-0.022052000000000002,,,,,,,,,,,,,,,
Change (%),2,-0.003498,,,,,,,,,,,,,,,
Change (%),3,-0.009434,,,,,,,,,,,,,,,
Change (%),4,-0.008877000000000001,,,,,,,,,,,,,,,
Change (%),5,-0.022222,,,,,,,,,,,,,,,
Change (%),6,-0.0006776999999999999,,,,,,,,,,,,,,,
Change (%),7,-0.041105,,,,,,,,,,,,,,,
Change (%),8,-0.013506,,,,,,,,,,,,,,,
Change (%),9,-0.012397,,,,,,,,,,,,,,,
Change (%),10,0.0,,,,,,,,,,,,,,,
Change (%),11,0.001801,,,,,,,,,,,,,,,
Change (%),12,0.007589,,,,,,,,,,,,,,,
Change (%),13,0.0007886999999999999,,,,,,,,,,,,,,,
Change (%),14,0.012552,,,,,,,,,,,,,,,
Change (%),15,-0.0014080000000000002,,,,,,,,,,,,,,,
Change (%),16,0.009277,,,,,,,,,,,,,,,
Change (%),17,-0.015288,,,,,,,,,,,,,,,
Change (%),18,-0.009213,,,,,,,,,,,,,,,
Change (%),19,0.026038000000000002,,,,,,,,,,,,,,,
Change (%),20,-0.029937000000000002,,,,,,,,,,,,,,,
Change (%),21,-0.014432,,,,,,,,,,,,,,,
Change (%),22,0.0,,,,,,,,,,,,,,,
Change (%),23,-0.001055,,,,,,,,,,,,,,,
Change (%),24,-0.020493,,,,,,,,,,,,,,,
Change (%),25,0.008538,,,,,,,,,,,,,,,
Change (%),26,-0.156317,,,,,,,,,,,,,,,
Change (%),27,0.031056,,,,,,,,,,,,,,,
Change (%),28,-0.015545999999999999,,,,,,,,,,,,,,,
Change (%),29,-0.015702,,,,,,,,,,,,,,,
Change (%),30,0.011447,,,,,,,,,,,,,,,
Change (%),31,-0.042802,,,,,,,,,,,,,,,
Change (%),32,0.010603,,,,,,,,,,,,,,,
Change (%),33,-0.019151,,,,,,,,,,,,,,,
Change (%),34,-0.06575700000000001,,,,,,,,,,,,,,,
Change (%),35,-0.007207,,,,,,,,,,,,,,,
Change (%),36,-0.081989,,,,,,,,,,,,,,,
Change (%),37,-0.0005557,,,,,,,,,,,,,,,
Change (%),38,-0.024436,,,,,,,,,,,,,,,
Change (%),39,0.025539999999999997,,,,,,,,,,,,,,,
Change (%),40,-0.003473,,,,,,,,,,,,,,,
Change (%),41,0.019144,,,,,,,,,,,,,,,
Change (%),42,-0.039072,,,,,,,,,,,,,,,
Change (%),43,-0.009645,,,,,,,,,,,,,,,
Change (%),44,0.004752,,,,,,,,,,,,,,,
Change (%),45,0.060309,,,,,,,,,,,,,,,
Change (%),46,-0.012787999999999999,,,,,,,,,,,,,,,
Change (%),47,-0.037693,,,,,,,,,,,,,,,
Change (%),48,0.0,,,,,,,,,,,,,,,
Change (%),49,-0.021013999999999998,,,,,,,,,,,,,,,
Change (%),50,0.0,,,,,,,,,,,,,,,
Change (%),51,0.01687,,,,,,,,,,,,,,,
Change (%),52,0.007067,,,,,,,,,,,,,,,
Change (%),53,-0.022222,,,,,,,,,,,,,,,
Change (%),54,0.012552,,,,,,,,,,,,,,,
Change (%),55,0.009277,,,,,,,,,,,,,,,
Change (%),56,0.026038000000000002,,,,,,,,,,,,,,,
Change (%),57,0.026878000000000003,,,,,,,,,,,,,,,
Change (%),58,0.0,,,,,,,,,,,,,,,
Change (%),59,-0.023454000000000003,,,,,,,,,,,,,,,
Change (%),60,0.020087,,,,,,,,,,,,,,,
Change (%),61,0.025539999999999997,,,,,,,,,,,,,,,
Change (%),62,-0.003473,,,,,,,,,,,,,,,
Change (%),63,0.060309,,,,,,,,,,,,,,,
Change (%),64,-0.022052000000000002,,,,,,,,,,,,,,,
Change (%),65,-0.008877000000000001,,,,,,,,,,,,,,,
Change (%),66,-0.0006776999999999999,,,,,,,,,,,,,,,
Change (%),67,0.012552,,,,,,,,,,,,,,,
Change (%),68,-0.0014080000000000002,,,,,,,,,,,,,,,
Change (%),69,-0.014432,,,,,,,,,,,,,,,
Change (%),70,-0.020493,,,,,,,,,,,,,,,
Change (%),71,-0.015545999999999999,,,,,,,,,,,,,,,
Change (%),72,-0.038959,,,,,,,,,,,,,,,
Change (%),73,0.026878000000000003,,,,,,,,,,,,,,,
Change (%),74,-0.029937000000000002,,,,,,,,,,,,,,,
Change (%),75,-0.030731,,,,,,,,,,,,,,,
Change (%),76,-0.023454000000000003,,,,,,,,,,,,,,,
Change (%),77,-0.017491,,,,,,,,,,,,,,,
Change (%),78,-0.006743,,,,,,,,,,,,,,,
Change (%),79,-0.041645,,,,,,,,,,,,,,,
Change (%),80,0.003626,,,,,,,,,,,,,,,
Change (%),81,0.001367,,,,,,,,,,,,,,,
Change (%),82,-0.006311,,,,,,,,,,,,,,,
Change (%),83,-0.0052510000000000005,,,,,,,,,,,,,,,
Change (%),84,0.020087,,,,,,,,,,,,,,,
Change (%),85,-0.009074,,,,,,,,,,,,,,,
Change (%),86,-0.010424,,,,,,,,,,,,,,,
Change (%),87,0.012739,,,,,,,,,,,,,,,
Change (%),88,0.017064,,,,,,,,,,,,,,,
Change (%),89,-0.0018360000000000002,,,,,,,,,,,,,,,
Change (%),90,0.012904,,,,,,,,,,,,,,,
Change (%),91,0.0021279999999999997,,,,,,,,,,,,,,,
Change (%),92,-0.009268,,,,,,,,,,,,,,,
Change (%),93,-0.0006776999999999999,,,,,,,,,,,,,,,
Change (%),94,0.026038000000000002,,,,,,,,,,,,,,,
Change,1,-5.64,,,,,,,,,,,,,,,
Change,2,-0.08,,,,,,,,,,,,,,,
Change,3,-0.6,,,,,,,,,,,,,,,
Change,4,-1.86,,,,,,,,,,,,,,,
Change,5,-0.01,,,,,,,,,,,,,,,
Change,6,-0.8,,,,,,,,,,,,,,,
Change,7,-13.81,,,,,,,,,,,,,,,
Change,8,-2.6,,,,,,,,,,,,,,,
Change,9,-0.03,,,,,,,,,,,,,,,
Change,10,0.0,,,,,,,,,,,,,,,
Change,11,0.19,,,,,,,,,,,,,,,
Change,12,0.59,,,,,,,,,,,,,,,
Change,13,0.06,,,,,,,,,,,,,,,
Change,14,0.03,,,,,,,,,,,,,,,
Change,15,-0.14,,,,,,,,,,,,,,,
Change,16,0.17,,,,,,,,,,,,,,,
Change,17,-2.34,,,,,,,,,,,,,,,
Change,18,-0.11,,,,,,,,,,,,,,,
Change,19,0.505,,,,,,,,,,,,,,,
Change,20,-11.4,,,,,,,,,,,,,,,
Change,21,-1.06,,,,,,,,,,,,,,,
Change,22,0.0,,,,,,,,,,,,,,,
Change,23,-0.02,,,,,,,,,,,,,,,
Change,24,-7.4,,,,,,,,,,,,,,,
Change,25,0.64,,,,,,,,,,,,,,,
Change,26,-1.825,,,,,,,,,,,,,,,
Change,27,0.2,,,,,,,,,,,,,,,
Change,28,-0.83,,,,,,,,,,,,,,,
Change,29,-6.31,,,,,,,,,,,,,,,
Change,30,1.05,,,,,,,,,,,,,,,
Change,31,-4.9,,,,,,,,,,,,,,,
Change,32,1.0,,,,,,,,,,,,,,,
Change,33,-0.0189,,,,,,,,,,,,,,,
Change,34,-3.95,,,,,,,,,,,,,,,
Change,35,-0.04,,,,,,,,,,,,,,,
Change,36,-0.61,,,,,,,,,,,,,,,
Change,37,-0.0005,,,,,,,,,,,,,,,
Change,38,-0.65,,,,,,,,,,,,,,,
Change,39,1.42,,,,,,,,,,,,,,,
Change,40,-0.58,,,,,,,,,,,,,,,
Change,41,0.38,,,,,,,,,,,,,,,
Change,42,-0.32,,,,,,,,,,,,,,,
Change,43,-3.81,,,,,,,,,,,,,,,
Change,44,1.6,,,,,,,,,,,,,,,
Change,45,2.15,,,,,,,,,,,,,,,
Change,46,-0.1,,,,,,,,,,,,,,,
Change,47,-1.34,,,,,,,,,,,,,,,
Change,48,0.0,,,,,,,,,,,,,,,
Change,49,-0.29,,,,,,,,,,,,,,,
Change,50,,,,,,,,,,,,,,,,
Change,51,2.59,,,,,,,,,,,,,,,
Change,52,0.04,,,,,,,,,,,,,,,
Change,53,-0.01,,,,,,,,,,,,,,,
Change,54,0.03,,,,,,,,,,,,,,,
Change,55,0.17,,,,,,,,,,,,,,,
Change,56,0.505,,,,,,,,,,,,,,,
Change,57,0.585,,,,,,,,,,,,,,,
Change,58,,,,,,,,,,,,,,,,
Change,59,-1.54,,,,,,,,,,,,,,,
Change,60,0.345,,,,,,,,,,,,,,,
Change,61,1.42,,,,,,,,,,,,,,,
Change,62,-0.58,,,,,,,,,,,,,,,
Change,63,2.15,,,,,,,,,,,,,,,
Change,64,-5.64,,,,,,,,,,,,,,,
Change,65,-1.86,,,,,,,,,,,,,,,
Change,66,-0.8,,,,,,,,,,,,,,,
Change,67,0.03,,,,,,,,,,,,,,,
Change,68,-0.14,,,,,,,,,,,,,,,
Change,69,-1.06,,,,,,,,,,,,,,,
Change,70,-7.4,,,,,,,,,,,,,,,
Change,71,-0.83,,,,,,,,,,,,,,,
Change,72,-0.0256,,,,,,,,,,,,,,,
Change,73,0.585,,,,,,,,,,,,,,,
Change,74,-11.4,,,,,,,,,,,,,,,
Change,75,-0.37,,,,,,,,,,,,,,,
Change,76,-1.54,,,,,,,,,,,,,,,
Change,77,-3.57,,,,,,,,,,,,,,,
Change,78,-5.31,,,,,,,,,,,,,,,
Change,79,-0.00239,,,,,,,,,,,,,,,
Change,80,0.14,,,,,,,,,,,,,,,
Change,81,0.68,,,,,,,,,,,,,,,
Change,82,-0.065,,,,,,,,,,,,,,,
Change,83,-0.81,,,,,,,,,,,,,,,
Change,84,0.345,,,,,,,,,,,,,,,
Change,85,-0.53,,,,,,,,,,,,,,,
Change,86,-0.28,,,,,,,,,,,,,,,
Change,87,0.08,,,,,,,,,,,,,,,
Change,88,0.73,,,,,,,,,,,,,,,
Change,89,-0.11,,,,,,,,,,,,,,,
Change,90,2.9,,,,,,,,,,,,,,,
Change,91,0.01,,,,,,,,,,,,,,,
Change,92,-0.09,,,,,,,,,,,,,,,
Change,93,-0.8,,,,,,,,,,,,,,,
Change,94,0.505,,,,,,,,,,,,,,,
P/E,1,31.777,,,,,,,,,,,,,,,
P/E,2,23.1512,,,,,,,,,,,,,,,
P/E,3,5.442,,,,,,,,,,,,,,,
P/E,4,28.9549,,,,,,,,,,,,,,,
P/E,5,0.0,,,,,,,,,,,,,,,
P/E,6,44.8746,,,,,,,,,,,,,,,
P/E,7,67.5388,,,,,,,,,,,,,,,
P/E,8,28.7697,,,,,,,,,,,,,,,
P/E,9,0.0,,,,,,,,,,,,,,,
P/E,10,0.0,,,,,,,,,,,,,,,
P/E,11,15.1629,,,,,,,,,,,,,,,
P/E,12,28.2138,,,,,,,,,,,,,,,
P/E,13,55.6709,,,,,,,,,,,,,,,
P/E,14,,,,,,,,,,,,,,,,
P/E,15,14.6305,,,,,,,,,,,,,,,
P/E,16,20.3757,,,,,,,,,,,,,,,
P/E,17,16.0156,,,,,,,,,,,,,,,
P/E,18,5.1042,,,,,,,,,,,,,,,
P/E,19,30.0468,,,,,,,,,,,,,,,
P/E,20,5.6418,,,,,,,,,,,,,,,
P/E,21,22.1498,,,,,,,,,,,,,,,
P/E,22,,,,,,,,,,,,,,,,
P/E,23,7.1469,,,,,,,,,,,,,,,
P/E,24,6.4259,,,,,,,,,,,,,,,
P/E,25,69.2435,,,,,,,,,,,,,,,
P/E,26,0.0,,,,,,,,,,,,,,,
P/E,27,,,,,,,,,,,,,,,,
P/E,28,0.0,,,,,,,,,,,,,,,
P/E,29,24.7491,,,,,,,,,,,,,,,
P/E,30,28.1066,,,,,,,,,,,,,,,
P/E,31,17.1479,,,,,,,,,,,,,,,
P/E,32,37.7137,,,,,,,,,,,,,,,
P/E,33,,,,,,,,,,,,,,,,
P/E,34,22.4381,,,,,,,,,,,,,,,
P/E,35,0.0,,,,,,,,,,,,,,,
P/E,36,0.0,,,,,,,,,,,,,,,
P/E,37,,,,,,,,,,,,,,,,
P/E,38,4.2075,,,,,,,,,,,,,,,
P/E,39,18.3687,,,,,,,,,,,,,,,
P/E,40,27.1296,,,,,,,,,,,,,,,
P/E,41,0.0,,,,,,,,,,,,,,,
P/E,42,0.0,,,,,,,,,,,,,,,
P/E,43,363.7716,,,,,,,,,,,,,,,
P/E,44,31.8494,,,,,,,,,,,,,,,
P/E,45,0.0,,,,,,,,,,,,,,,
P/E,46,1.5401,,,,,,,,,,,,,,,
P/E,47,0.0,,,,,,,,,,,,,,,
P/E,48,13.9264,,,,,,,,,,,,,,,
P/E,49,0.0,,,,,,,,,,,,,,,
P/E,50,,,,,,,,,,,,,,,,
P/E,51,23.3695,,,,,,,,,,,,,,,
P/E,52,33.6085,,,,,,,,,,,,,,,
P/E,53,0.0,,,,,,,,,,,,,,,
P/E,54,,,,,,,,,,,,,,,,
P/E,55,20.3757,,,,,,,,,,,,,,,
P/E,56,30.0468,,,,,,,,,,,,,,,
P/E,57,24.6825,,,,,,,,,,,,,,,
P/E,58,,,,,,,,,,,,,,,,
P/E,59,9.3426,,,,,,,,,,,,,,,
P/E,60,54.2483,,,,,,,,,,,,,,,
P/E,61,18.3687,,,,,,,,,,,,,,,
P/E,62,27.1296,,,,,,,,,,,,,,,
P/E,63,0.0,,,,,,,,,,,,,,,
P/E,64,31.777,,,,,,,,,,,,,,,
P/E,65,28.9549,,,,,,,,,,,,,,,
P/E,66,44.8746,,,,,,,,,,,,,,,
P/E,67,,,,,,,,,,,,,,,,
P/E,68,14.6305,,,,,,,,,,,,,,,
P/E,69,22.1498,,,,,,,,,,,,,,,
P/E,70,6.4259,,,,,,,,,,,,,,,
P/E,71,0.0,,,,,,,,,,,,,,,
P/E,72,0.0,,,,,,,,,,,,,,,
P/E,73,24.6825,,,,,,,,,,,,,,,
P/E,74,5.6418,,,,,,,,,,,,,,,
P/E,75,,,,,,,,,,,,,,,,
P/E,76,9.3426,,,,,,,,,,,,,,,
P/E,77,75.9529,,,,,,,,,,,,,,,
P/E,78,15.3511,,,,,,,,,,,,,,,
P/E,79,0.0,,,,,,,,,,,,,,,
P/E,80,49.032,,,,,,,,,,,,,,,
P/E,81,30.1345,,,,,,,,,,,,,,,
P/E,82,5.6905,,,,,,,,,,,,,,,
P/E,83,21.438,,,,,,,,,,,,,,,
P/E,84,54.2483,,,,,,,,,,,,,,,
P/E,85,43.2532,,,,,,,,,,,,,,,
P/E,86,19.6032,,,,,,,,,,,,,,,
P/E,87,,,,,,,,,,,,,,,,
P/E,88,15.8865,,,,,,,,,,,,,,,
P/E,89,28.3123,,,,,,,,,,,,,,,
P/E,90,14.6953,,,,,,,,,,,,,,,
P/E,91,0.8209,,,,,,,,,,,,,,,
P/E,92,,,,,,,,,,,,,,,,
P/E,93,44.8746,,,,,,,,,,,,,,,
P/E,94,30.0468,,,,,,,,,,,,,,,
52 week low,1,169.2101,,,,,,,,,,,,,,,
52 week low,2,10.59,,,,,,,,,,,,,,,
52 week low,3,33.065,,,,,,,,,,,,,,,
52 week low,4,161.38,,,,,,,,,,,,,,,
52 week low,5,0.42,,,,,,,,,,,,,,,
52 week low,6,508.4,,,,,,,,,,,,,,,
52 week low,7,138.1,,,,,,,,,,,,,,,
52 week low,8,122.26,,,,,,,,,,,,,,,
52 week low,9,1.0,,,,,,,,,,,,,,,
52 week low,10,1.8664,,,,,,,,,,,,,,,
52 week low,11,55.51,,,,,,,,,,,,,,,
52 week low,12,52.11,,,,,,,,,,,,,,,
52 week low,13,58.35,,,,,,,,,,,,,,,
52 week low,14,1.32,,,,,,,,,,,,,,,
52 week low,15,80.1,,,,,,,,,,,,,,,
52 week low,16,15.83,,,,,,,,,,,,,,,
52 week low,17,101.0,,,,,,,,,,,,,,,
52 week low,18,11.61,,,,,,,,,,,,,,,
52 week low,19,12.715,,,,,,,,,,,,,,,
52 week low,20,369.4,,,,,,,,,,,,,,,
52 week low,21,41.6,,,,,,,,,,,,,,,
52 week low,22,11.965,,,,,,,,,,,,,,,
52 week low,23,17.56,,,,,,,,,,,,,,,
52 week low,24,210.0,,,,,,,,,,,,,,,
52 week low,25,58.6,,,,,,,,,,,,,,,
52 week low,26,9.46,,,,,,,,,,,,,,,
52 week low,27,3.01,,,,,,,,,,,,,,,
52 week low,28,22.28,,,,,,,,,,,,,,,
52 week low,29,344.79,,,,,,,,,,,,,,,
52 week low,30,61.72,,,,,,,,,,,,,,,
52 week low,31,42.933,,,,,,,,,,,,,,,
52 week low,32,75.01,,,,,,,,,,,,,,,
52 week low,33,0.8011,,,,,,,,,,,,,,,
52 week low,34,20.55,,,,,,,,,,,,,,,
52 week low,35,3.76,,,,,,,,,,,,,,,
52 week low,36,3.09,,,,,,,,,,,,,,,
52 week low,37,0.5941,,,,,,,,,,,,,,,
52 week low,38,15.5,,,,,,,,,,,,,,,
52 week low,39,30.06,,,,,,,,,,,,,,,
52 week low,40,159.6,,,,,,,,,,,,,,,
52 week low,41,11.88,,,,,,,,,,,,,,,
52 week low,42,7.825,,,,,,,,,,,,,,,
52 week low,43,214.25,,,,,,,,,,,,,,,
52 week low,44,134.25,,,,,,,,,,,,,,,
52 week low,45,27.3,,,,,,,,,,,,,,,
52 week low,46,5.3,,,,,,,,,,,,,,,
52 week low,47,22.55,,,,,,,,,,,,,,,
52 week low,48,51.1,,,,,,,,,,,,,,,
52 week low,49,6.85,,,,,,,,,,,,,,,
52 week low,50,,,,,,,,,,,,,,,,
52 week low,51,97.8,,,,,,,,,,,,,,,
52 week low,52,5.065,,,,,,,,,,,,,,,
52 week low,53,0.42,,,,,,,,,,,,,,,
52 week low,54,1.32,,,,,,,,,,,,,,,
52 week low,55,15.83,,,,,,,,,,,,,,,
52 week low,56,12.715,,,,,,,,,,,,,,,
52 week low,57,11.01,,,,,,,,,,,,,,,
52 week low,58,,,,,,,,,,,,,,,,
52 week low,59,30.46,,,,,,,,,,,,,,,
52 week low,60,11.21,,,,,,,,,,,,,,,
52 week low,61,30.06,,,,,,,,,,,,,,,
52 week low,62,159.6,,,,,,,,,,,,,,,
52 week low,63,27.3,,,,,,,,,,,,,,,
52 week low,64,169.2101,,,,,,,,,,,,,,,
52 week low,65,161.38,,,,,,,,,,,,,,,
52 week low,66,508.4,,,,,,,,,,,,,,,
52 week low,67,1.32,,,,,,,,,,,,,,,
52 week low,68,80.1,,,,,,,,,,,,,,,
52 week low,69,41.6,,,,,,,,,,,,,,,
52 week low,70,210.0,,,,,,,,,,,,,,,
52 week low,71,22.28,,,,,,,,,,,,,,,
52 week low,72,0.63,,,,,,,,,,,,,,,
52 week low,73,11.01,,,,,,,,,,,,,,,
52 week low,74,369.4,,,,,,,,,,,,,,,
52 week low,75,8.4406,,,,,,,,,,,,,,,
52 week low,76,30.46,,,,,,,,,,,,,,,
52 week low,77,99.5,,,,,,,,,,,,,,,
52 week low,78,439.38,,,,,,,,,,,,,,,
52 week low,79,0.05,,,,,,,,,,,,,,,
52 week low,80,23.815,,,,,,,,,,,,,,,
52 week low,81,465.59,,,,,,,,,,,,,,,
52 week low,82,5.01,,,,,,,,,,,,,,,
52 week low,83,97.715,,,,,,,,,,,,,,,
52 week low,84,11.21,,,,,,,,,,,,,,,
52 week low,85,34.785,,,,,,,,,,,,,,,
52 week low,86,20.915,,,,,,,,,,,,,,,
52 week low,87,1.97,,,,,,,,,,,,,,,
52 week low,88,30.32,,,,,,,,,,,,,,,
52 week low,89,44.27,,,,,,,,,,,,,,,
52 week low,90,109.8239,,,,,,,,,,,,,,,
52 week low,91,4.67,,,,,,,,,,,,,,,
52 week low,92,7.351,,,,,,,,,,,,,,,
52 week low,93,508.4,,,,,,,,,,,,,,,
52 week low,94,12.715,,,,,,,,,,,,,,,
52 week high,1,288.62,,,,,,,,,,,,,,,
52 week high,2,23.5199,,,,,,,,,,,,,,,
52 week high,3,67.2,,,,,,,,,,,,,,,
52 week high,4,258.6,,,,,,,,,,,,,,,
52 week high,5,1.12,,,,,,,,,,,,,,,
52 week high,6,1312.8,,,,,,,,,,,,,,,
52 week high,7,414.61,,,,,,,,,,,,,,,
52 week high,8,212.71,,,,,,,,,,,,,,,
52 week high,9,4.1,,,,,,,,,,,,,,,
52 week high,10,5.9176,,,,,,,,,,,,,,,
52 week high,11,125.16,,,,,,,,,,,,,,,
52 week high,12,88.185,,,,,,,,,,,,,,,
52 week high,13,85.15,,,,,,,,,,,,,,,
52 week high,14,3.8,,,,,,,,,,,,,,,
52 week high,15,124.69,,,,,,,,,,,,,,,
52 week high,16,40.37,,,,,,,,,,,,,,,
52 week high,17,159.42,,,,,,,,,,,,,,,
52 week high,18,17.86,,,,,,,,,,,,,,,
52 week high,19,20.11,,,,,,,,,,,,,,,
52 week high,20,590.6,,,,,,,,,,,,,,,
52 week high,21,87.62,,,,,,,,,,,,,,,
52 week high,22,26.44,,,,,,,,,,,,,,,
52 week high,23,29.55,,,,,,,,,,,,,,,
52 week high,24,464.284,,,,,,,,,,,,,,,
52 week high,25,76.58,,,,,,,,,,,,,,,
52 week high,26,17.31,,,,,,,,,,,,,,,
52 week high,27,11.95,,,,,,,,,,,,,,,
52 week high,28,59.55,,,,,,,,,,,,,,,
52 week high,29,555.45,,,,,,,,,,,,,,,
52 week high,30,95.91,,,,,,,,,,,,,,,
52 week high,31,134.88,,,,,,,,,,,,,,,
52 week high,32,134.115,,,,,,,,,,,,,,,
52 week high,33,13.32,,,,,,,,,,,,,,,
52 week high,34,69.99,,,,,,,,,,,,,,,
52 week high,35,8.95,,,,,,,,,,,,,,,
52 week high,36,9.41,,,,,,,,,,,,,,,
52 week high,37,1.96,,,,,,,,,,,,,,,
52 week high,38,52.24,,,,,,,,,,,,,,,
52 week high,39,57.48,,,,,,,,,,,,,,,
52 week high,40,273.55,,,,,,,,,,,,,,,
52 week high,41,20.95,,,,,,,,,,,,,,,
52 week high,42,12.81,,,,,,,,,,,,,,,
52 week high,43,498.83,,,,,,,,,,,,,,,
52 week high,44,390.205,,,,,,,,,,,,,,,
52 week high,45,47.3,,,,,,,,,,,,,,,
52 week high,46,9.728,,,,,,,,,,,,,,,
52 week high,47,39.615,,,,,,,,,,,,,,,
52 week high,48,70.9,,,,,,,,,,,,,,,
52 week high,49,16.47,,,,,,,,,,,,,,,
52 week high,50,,,,,,,,,,,,,,,,
52 week high,51,159.605,,,,,,,,,,,,,,,
52 week high,52,8.5,,,,,,,,,,,,,,,
52 week high,53,1.12,,,,,,,,,,,,,,,
52 week high,54,3.8,,,,,,,,,,,,,,,
52 week high,55,40.37,,,,,,,,,,,,,,,
52 week high,56,20.11,,,,,,,,,,,,,,,
52 week high,57,22.35,,,,,,,,,,,,,,,
52 week high,58,,,,,,,,,,,,,,,,
52 week high,59,77.34,,,,,,,,,,,,,,,
52 week high,60,18.23,,,,,,,,,,,,,,,
52 week high,61,57.48,,,,,,,,,,,,,,,
52 week high,62,273.55,,,,,,,,,,,,,,,
52 week high,63,47.3,,,,,,,,,,,,,,,
52 week high,64,288.62,,,,,,,,,,,,,,,
52 week high,65,258.6,,,,,,,,,,,,,,,
52 week high,66,1312.8,,,,,,,,,,,,,,,
52 week high,67,3.8,,,,,,,,,,,,,,,
52 week high,68,124.69,,,,,,,,,,,,,,,
52 week high,69,87.62,,,,,,,,,,,,,,,
52 week high,70,464.284,,,,,,,,,,,,,,,
52 week high,71,59.55,,,,,,,,,,,,,,,
52 week high,72,2.6499,,,,,,,,,,,,,,,
52 week high,73,22.35,,,,,,,,,,,,,,,
52 week high,74,590.6,,,,,,,,,,,,,,,
52 week high,75,14.795,,,,,,,,,,,,,,,
52 week high,76,77.34,,,,,,,,,,,,,,,
52 week high,77,241.091,,,,,,,,,,,,,,,
52 week high,78,984.7,,,,,,,,,,,,,,,
52 week high,79,8.53,,,,,,,,,,,,,,,
52 week high,80,55.11,,,,,,,,,,,,,,,
52 week high,81,601.77,,,,,,,,,,,,,,,
52 week high,82,11.97,,,,,,,,,,,,,,,
52 week high,83,170.46,,,,,,,,,,,,,,,
52 week high,84,18.23,,,,,,,,,,,,,,,
52 week high,85,59.15,,,,,,,,,,,,,,,
52 week high,86,27.94,,,,,,,,,,,,,,,
52 week high,87,6.96,,,,,,,,,,,,,,,
52 week high,88,43.65,,,,,,,,,,,,,,,
52 week high,89,82.5,,,,,,,,,,,,,,,
52 week high,90,247.21,,,,,,,,,,,,,,,
52 week high,91,20.355,,,,,,,,,,,,,,,
52 week high,92,10.68,,,,,,,,,,,,,,,
52 week high,93,1312.8,,,,,,,,,,,,,,,
52 week high,94,20.11,,,,,,,,,,,,,,,
Ticker symbol,1,AAPL,,,,,,,,,,,,,,,
Ticker symbol,2,ADEA,,,,,,,,,,,,,,,
Ticker symbol,3,AET,,,,,,,,,,,,,,,
Ticker symbol,4,AMZN,,,,,,,,,,,,,,,
Ticker symbol,5,ALDNE,,,,,,,,,,,,,,,
Ticker symbol,6,ASML,,,,,,,,,,,,,,,
Ticker symbol,7,AVGO,,,,,,,,,,,,,,,
Ticker symbol,8,AZN,,,,,,,,,,,,,,,
Ticker symbol,9,BLDP,,,,,,,,,,,,,,,
Ticker symbol,10,BMRA,,,,,,,,,,,,,,,
Ticker symbol,11,C,,,,,,,,,,,,,,,
Ticker symbol,12,CSCO,,,,,,,,,,,,,,,
Ticker symbol,13,CVS,,,,,,,,,,,,,,,
Ticker symbol,14,DDD,,,,,,,,,,,,,,,
Ticker symbol,15,DIS,,,,,,,,,,,,,,,
Ticker symbol,16,DSY,,,,,,,,,,,,,,,
Ticker symbol,17,DVA,,,,,,,,,,,,,,,
Ticker symbol,18,DXC,,,,,,,,,,,,,,,
Ticker symbol,19,EOAN,,,,,,,,,,,,,,,
Ticker symbol,20,EZJ,,,,,,,,,,,,,,,
Ticker symbol,21,GM,,,,,,,,,,,,,,,
Ticker symbol,22,HPE,,,,,,,,,,,,,,,
Ticker symbol,23,HPQ,,,,,,,,,,,,,,,
Ticker symbol,24,IAG,,,,,,,,,,,,,,,
Ticker symbol,25,KR,,,,,,,,,,,,,,,
Ticker symbol,26,LNSR,,,,,,,,,,,,,,,
Ticker symbol,27,LUMN,,,,,,,,,,,,,,,
Ticker symbol,28,MRNA,,,,,,,,,,,,,,,
Ticker symbol,29,MSFT,,,,,,,,,,,,,,,
Ticker symbol,30,NEE,,,,,,,,,,,,,,,
Ticker symbol,31,NEM,,,,,,,,,,,,,,,
Ticker symbol,32,NFLX,,,,,,,,,,,,,,,
Ticker symbol,33,NOTE,,,,,,,,,,,,,,,
Ticker symbol,34,PAAS,,,,,,,,,,,,,,,
Ticker symbol,35,PROF,,,,,,,,,,,,,,,
Ticker symbol,36,POET,,,,,,,,,,,,,,,
Ticker symbol,37,PW,,,,,,,,,,,,,,,
Ticker symbol,38,RIGL,,,,,,,,,,,,,,,
Ticker symbol,39,RWE,,,,,,,,,,,,,,,
Ticker symbol,40,SAP,,,,,,,,,,,,,,,
Ticker symbol,41,SHECY,,,,,,,,,,,,,,,
Ticker symbol,42,SSYS,,,,,,,,,,,,,,,
Ticker symbol,43,TSLA,,,,,,,,,,,,,,,
Ticker symbol,44,TSM,,,,,,,,,,,,,,,
Ticker symbol,45,UN0,,,,,,,,,,,,,,,
Ticker symbol,46,UNIT,,,,,,,,,,,,,,,
Ticker symbol,47,VLVLY,,,,,,,,,,,,,,,
Ticker symbol,48,VONN,,,,,,,,,,,,,,,
Ticker symbol,49,VTRS,,,,,,,,,,,,,,,
Ticker symbol,50,,,,,,,,,,,,,,,,
Ticker symbol,51,XOM,,,,,,,,,,,,,,,
Ticker symbol,52,XPER,,,,,,,,,,,,,,,
Ticker symbol,53,ALDNE,,,,,,,,,,,,,,,
Ticker symbol,54,DDD,,,,,,,,,,,,,,,
Ticker symbol,55,DSY,,,,,,,,,,,,,,,
Ticker symbol,56,EOAN,,,,,,,,,,,,,,,
Ticker symbol,57,ENI,,,,,,,,,,,,,,,
Ticker symbol,58,,,,,,,,,,,,,,,,
Ticker symbol,59,GLE,,,,,,,,,,,,,,,
Ticker symbol,60,ORA,,,,,,,,,,,,,,,
Ticker symbol,61,RWE,,,,,,,,,,,,,,,
Ticker symbol,62,SAP,,,,,,,,,,,,,,,
Ticker symbol,63,UN0,,,,,,,,,,,,,,,
Ticker symbol,64,AAPL,,,,,,,,,,,,,,,
Ticker symbol,65,AMZN,,,,,,,,,,,,,,,
Ticker symbol,66,ASML,,,,,,,,,,,,,,,
Ticker symbol,67,DDD,,,,,,,,,,,,,,,
Ticker symbol,68,DIS,,,,,,,,,,,,,,,
Ticker symbol,69,GM,,,,,,,,,,,,,,,
Ticker symbol,70,IAG,,,,,,,,,,,,,,,
Ticker symbol,71,MRNA,,,,,,,,,,,,,,,
Ticker symbol,72,BLNK,,,,,,,,,,,,,,,
Ticker symbol,73,ENI,,,,,,,,,,,,,,,
Ticker symbol,74,EZJ,,,,,,,,,,,,,,,
Ticker symbol,75,F,,,,,,,,,,,,,,,
Ticker symbol,76,GLE,,,,,,,,,,,,,,,
Ticker symbol,77,GNRC,,,,,,,,,,,,,,,
Ticker symbol,78,GS,,,,,,,,,,,,,,,
Ticker symbol,79,LAZRQ,,,,,,,,,,,,,,,
Ticker symbol,80,LUV,,,,,,,,,,,,,,,
Ticker symbol,81,MA,,,,,,,,,,,,,,,
Ticker symbol,82,NVAX,,,,,,,,,,,,,,,
Ticker symbol,83,NVS,,,,,,,,,,,,,,,
Ticker symbol,84,ORA,,,,,,,,,,,,,,,
Ticker symbol,85,OXY,,,,,,,,,,,,,,,
Ticker symbol,86,PFE,,,,,,,,,,,,,,,
Ticker symbol,87,RIG,,,,,,,,,,,,,,,
Ticker symbol,88,RRC,,,,,,,,,,,,,,,
Ticker symbol,89,XYZ,,,,,,,,,,,,,,,
Ticker symbol,90,THC,,,,,,,,,,,,,,,
Ticker symbol,91,XYF,,,,,,,,,,,,,,,
Ticker symbol,92,LOCK,,,,,,,,,,,,,,,
Ticker symbol,93,ASML,,,,,,,,,,,,,,,
Ticker symbol,94,EOAN,,,,,,,,,,,,,,,
