Date,Ticker,Open,High,Low,Close,Volume,Dividends,Stock Splits
2024-12-16 00:00:00-05:00,AAPL,246.8734732550572,250.24820975700106,246.53499250196242,249.90972900390625,51694800,0.0,0.0
2024-12-17 00:00:00-05:00,AAPL,248.95404406138837,252.68716009783537,248.655391740455,252.33872985839844,51356400,0.0,0.0
2024-12-18 00:00:00-05:00,AAPL,251.02469300208548,253.135143175504,246.62459517802284,246.93319702148438,56774100,0.0,0.0
2024-12-19 00:00:00-05:00,AAPL,246.3856613682502,250.86540066585474,245.97750369773615,248.66534423828125,60882300,0.0,0.0
2024-12-20 00:00:00-05:00,AAPL,246.92322076153135,253.8518908180873,244.58381048961357,253.3441925048828,147495300,0.0,0.0
2024-12-23 00:00:00-05:00,AAPL,253.62291772369178,254.49894524760987,252.30885365268378,254.12066650390625,40858800,0.0,0.0
2024-12-24 00:00:00-05:00,AAPL,254.3396705835317,257.0474099027653,254.14055892454206,257.0374755859375,23234700,0.0,0.0
2024-12-26 00:00:00-05:00,AAPL,257.0275101814573,258.9289141129315,256.47003399402934,257.853759765625,27237100,0.0,0.0
2024-12-27 00:00:00-05:00,AAPL,256.66912911312295,257.53523753189216,251.92061656694878,254.43922424316406,42355300,0.0,0.0
2024-12-30 00:00:00-05:00,AAPL,251.09434735441482,252.35863351915538,249.6210152068174,251.06448364257812,35557500,0.0,0.0
2024-12-31 00:00:00-05:00,AAPL,251.30342042234355,252.1396347735265,248.30696287880588,249.29251098632812,39480700,0.0,0.0
2025-01-02 00:00:00-05:00,AAPL,247.80920478270548,247.97845273823052,240.73123158611202,242.75209045410156,55740700,0.0,0.0
2025-01-03 00:00:00-05:00,AAPL,242.2642822265625,243.08058231147606,240.80089962583668,242.2642822265625,40244100,0.0,0.0
2025-01-06 00:00:00-05:00,AAPL,243.2100158477468,246.21642284830082,242.10501290585998,243.89691162109375,45045600,0.0,0.0
2025-01-07 00:00:00-05:00,AAPL,241.88599852058522,244.44443460073458,240.263347789176,241.11947631835938,40856000,0.0,0.0
2025-01-08 00:00:00-05:00,AAPL,240.83078235887348,242.61273160476242,238.9692066706783,241.60726928710938,37628900,0.0,0.0
2025-01-10 00:00:00-05:00,AAPL,238.92936055450792,239.07869430046486,231.95092822526084,235.78359985351562,61710900,0.0,0.0
2025-01-13 00:00:00-05:00,AAPL,232.47854174290725,233.61340834282421,228.6856985060818,233.34461975097656,49630700,0.0,0.0
2025-01-14 00:00:00-05:00,AAPL,233.69305795736565,235.05688478727922,231.4233246799516,232.22967529296875,39435300,0.0,0.0
2025-01-15 00:00:00-05:00,AAPL,233.5835582088168,237.88411516800545,233.3744970274307,236.79901123046875,39832000,0.0,0.0
2025-01-16 00:00:00-05:00,AAPL,236.28136958651152,236.9383864807084,227.0033243432251,227.23228454589844,71759100,0.0,0.0
2025-01-17 00:00:00-05:00,AAPL,231.0748831620974,231.2441159203825,227.45127273918456,228.94451904296875,68488300,0.0,0.0
2025-01-21 00:00:00-05:00,AAPL,222.99146586562136,223.40957304130882,218.39227174297113,221.63758850097656,98070400,0.0,0.0
2025-01-22 00:00:00-05:00,AAPL,218.80041619812283,223.1109227348787,218.80041619812283,222.82223510742188,64126500,0.0,0.0
2025-01-23 00:00:00-05:00,AAPL,223.72813912330528,226.00782197454978,221.29912251598503,222.6529998779297,60234800,0.0,0.0
2025-01-24 00:00:00-05:00,AAPL,223.76795755359672,224.61413662079448,220.4131353788753,221.77696228027344,54697900,0.0,0.0
2025-01-27 00:00:00-05:00,AAPL,223.01138591977585,231.10477141655377,222.9715575076631,228.82508850097656,94863400,0.0,0.0
2025-01-28 00:00:00-05:00,AAPL,229.81061530558512,239.10855876935992,229.7707868971689,237.18724060058594,75707600,0.0,0.0
2025-01-29 00:00:00-05:00,AAPL,233.06589003597526,238.78005164957875,232.9563846938824,238.2823028564453,45486100,0.0,0.0
2025-01-30 00:00:00-05:00,AAPL,237.59540286874542,239.70585285329432,236.14198492507634,236.520263671875,55658300,0.0,0.0
2025-01-31 00:00:00-05:00,AAPL,246.0770438113447,246.0770438113447,232.38895238779278,234.9374237060547,100959800,0.0,0.0
2025-02-03 00:00:00-05:00,AAPL,228.95449458875606,230.78620649590428,224.6838014511222,226.9833984375,73063300,0.0,0.0
2025-02-04 00:00:00-05:00,AAPL,226.2268315478868,232.08036234711574,225.62952690670866,231.75184631347656,45067300,0.0,0.0
2025-02-05 00:00:00-05:00,AAPL,227.50106167329415,231.62242106375825,227.24223776986636,231.42332458496094,39620300,0.0,0.0
2025-02-06 00:00:00-05:00,AAPL,230.24864925075528,232.74735812237688,229.3925206475463,232.1699676513672,29925300,0.0,0.0
2025-02-07 00:00:00-05:00,AAPL,231.55275755143822,232.946448173879,226.236788599926,226.60513305664062,39707200,0.0,0.0
2025-02-10 00:00:00-05:00,AAPL,228.7876615470872,229.80417456619486,226.42572786906877,226.8741912841797,33115600,0.25,0.0
2025-02-11 00:00:00-05:00,AAPL,227.4223198813819,234.42836130351915,227.35256634016287,231.82725524902344,53718400,0.0,0.0
2025-02-12 00:00:00-05:00,AAPL,230.41209906543347,236.15247950770552,229.89386689621963,236.06277465820312,45243300,0.0,0.0
2025-02-13 00:00:00-05:00,AAPL,236.10264318513748,241.514131106333,234.7672133917818,240.70689392089844,53614100,0.0,0.0
2025-02-14 00:00:00-05:00,AAPL,240.4278591482801,244.71320848741047,240.16875066053348,243.76644897460938,40896200,0.0,0.0
2025-02-18 00:00:00-05:00,AAPL,243.31796980618805,244.34445851454996,241.01584434943877,243.6368865966797,48822500,0.0,0.0
2025-02-19 00:00:00-05:00,AAPL,243.8262313730556,245.17162160901916,242.33134319523683,244.03550720214844,32204200,0.0,0.0
2025-02-20 00:00:00-05:00,AAPL,244.1052669318995,245.9389927126525,243.45747295470235,244.9922332763672,32316900,0.0,0.0
2025-02-21 00:00:00-05:00,AAPL,245.11182656230832,247.84249441981407,244.38431857946645,244.71319580078125,53197400,0.0,0.0
2025-02-24 00:00:00-05:00,AAPL,244.0953010258401,248.01191597096326,243.58704451830639,246.25791931152344,51326400,0.0,0.0
2025-02-25 00:00:00-05:00,AAPL,247.15485528022737,249.14803959700342,244.0753891604379,246.1981201171875,48013300,0.0,0.0
2025-02-26 00:00:00-05:00,AAPL,243.49736566903925,244.14514449402503,238.3150894487839,239.5408935546875,44433600,0.0,0.0
2025-02-27 00:00:00-05:00,AAPL,238.5941277716784,241.6337368385667,236.25213016109495,236.49131774902344,41153600,0.0,0.0
2025-02-28 00:00:00-05:00,AAPL,236.14250368420718,241.26498665715278,229.41550676334808,241.01583862304688,56833400,0.0,0.0
2025-03-03 00:00:00-05:00,AAPL,240.96600727263495,243.1983791446907,235.30537120652147,237.2188262939453,47184000,0.0,0.0
2025-03-04 00:00:00-05:00,AAPL,236.89992456399492,239.25188262538288,233.88023638606123,235.1259765625,53798100,0.0,0.0
2025-03-05 00:00:00-05:00,AAPL,234.61771347352882,235.7438674276595,228.44880585950324,234.93663024902344,47227600,0.0,0.0
2025-03-06 00:00:00-05:00,AAPL,233.64106399817908,237.04940729600818,232.3654272740836,234.5280303955078,45170400,0.0,0.0
2025-03-07 00:00:00-05:00,AAPL,234.30878315837532,240.54744460053885,233.95996981993864,238.2552947998047,46273600,0.0,0.0
2025-03-10 00:00:00-04:00,AAPL,234.73730306532093,235.35520052510583,223.45588808739058,226.70477294921875,72071200,0.0,0.0
2025-03-11 00:00:00-04:00,AAPL,223.04728218644934,225.0703629938446,216.7089556312574,220.08740234375,76137400,0.0,0.0
2025-03-12 00:00:00-04:00,AAPL,219.38980505207962,220.99431909322652,214.17763213362198,216.24057006835938,62547500,0.0,0.0
2025-03-13 00:00:00-04:00,AAPL,215.2140760046737,216.1010424274323,207.7097381833997,208.96543884277344,61368300,0.0,0.0
2025-03-14 00:00:00-04:00,AAPL,210.53007941159925,213.22087501834247,208.86577244295887,212.762451171875,60107600,0.0,0.0
2025-03-17 00:00:00-04:00,AAPL,212.58308562424435,214.4865804284824,209.25447123387838,213.27073669433594,48073400,0.0,0.0
2025-03-18 00:00:00-04:00,AAPL,213.43018643369246,214.4168029665515,210.76928711901598,211.96519470214844,42432400,0.0,0.0
2025-03-19 00:00:00-04:00,AAPL,213.4899719913265,218.01449366985423,213.02157246340184,214.50650024414062,54385400,0.0,0.0
2025-03-20 00:00:00-04:00,AAPL,213.2607508466693,216.74882322763474,211.4967785561088,213.37037658691406,48862900,0.0,0.0
2025-03-21 00:00:00-04:00,AAPL,210.83902892918795,218.09421843072647,210.55998434888178,217.5261688232422,94127800,0.0,0.0
2025-03-24 00:00:00-04:00,AAPL,220.24688262166092,220.72524263370704,217.83513125215714,219.97779846191406,44299500,0.0,0.0
2025-03-25 00:00:00-04:00,AAPL,220.01766257627696,223.33631640181736,219.33001153042758,222.9875030517578,34493600,0.0,0.0
2025-03-26 00:00:00-04:00,AAPL,222.7483031053444,224.25316696482244,219.71866969932233,220.77505493164062,34466100,0.0,0.0
2025-03-27 00:00:00-04:00,AAPL,220.63553483035878,224.22327264250706,219.80836152348044,223.087158203125,37094800,0.0,0.0
2025-03-28 00:00:00-04:00,AAPL,220.91456609374504,223.04727255158852,216.93815819229235,217.15740966796875,39818600,0.0,0.0
2025-03-31 00:00:00-04:00,AAPL,216.27045427307317,224.8511131847691,215.49311362240712,221.37301635742188,65299300,0.0,0.0
2025-04-01 00:00:00-04:00,AAPL,219.06091135294477,222.91771798921508,218.15400887457568,222.4293975830078,36412700,0.0,0.0
2025-04-02 00:00:00-04:00,AAPL,220.56578026164416,224.4225869866718,220.2667995775576,223.12701416015625,35905900,0.0,0.0
2025-04-03 00:00:00-04:00,AAPL,204.83954098981803,206.78290782089874,200.56416741637668,202.49755859375,103419000,0.0,0.0
2025-04-04 00:00:00-04:00,AAPL,193.2292544699453,199.19884701911502,186.70157274086588,187.738037109375,125910900,0.0,0.0
2025-04-07 00:00:00-04:00,AAPL,176.59612158290105,193.48835506739644,174.02491207450518,180.84161376953125,160466300,0.0,0.0
2025-04-08 00:00:00-04:00,AAPL,186.0637635998773,189.69135865616965,168.63337548243626,171.83242797851562,120859500,0.0,0.0
2025-04-09 00:00:00-04:00,AAPL,171.3640110222038,199.926344669284,171.30421792842867,198.17234802246094,184395900,0.0,0.0
2025-04-10 00:00:00-04:00,AAPL,188.42566697985896,194.1161990933285,182.37634591183127,189.77105712890625,121880000,0.0,0.0
2025-04-11 00:00:00-04:00,AAPL,185.46580802047046,198.85999394662434,185.42593581806156,197.4747314453125,87435900,0.0,0.0
2025-04-14 00:00:00-04:00,AAPL,210.71943358737073,212.21432171985006,200.4744681359889,201.829833984375,101352900,0.0,0.0
2025-04-15 00:00:00-04:00,AAPL,201.1720967653651,202.81646776904176,199.11911932089467,201.45114135742188,51343900,0.0,0.0
2025-04-16 00:00:00-04:00,AAPL,197.68401406478426,200.01603598224625,191.71442177543545,193.6079559326172,59732400,0.0,0.0
2025-04-17 00:00:00-04:00,AAPL,196.5279673080365,198.15241736523095,193.75744237056688,196.3087158203125,52164700,0.0,0.0
2025-04-21 00:00:00-04:00,AAPL,192.61134997705832,193.13954254760668,189.16313478921086,192.50172424316406,46742500,0.0,0.0
2025-04-22 00:00:00-04:00,AAPL,195.45165216386687,200.9030125684292,195.3021694205859,199.059326171875,52976400,0.0,0.0
2025-04-23 00:00:00-04:00,AAPL,205.29797863560773,207.29116289420588,202.10888686320854,203.9027557373047,52929200,0.0,0.0
2025-04-24 00:00:00-04:00,AAPL,204.1917605029567,208.11833592046503,202.248408894664,207.65989685058594,47311000,0.0,0.0
2025-04-25 00:00:00-04:00,AAPL,205.66670113907415,209.03518721035243,205.49728231156092,208.56678771972656,38222300,0.0,0.0
2025-04-28 00:00:00-04:00,AAPL,209.28436685718972,210.77925519188395,206.75302930142868,209.42388916015625,38743100,0.0,0.0
2025-04-29 00:00:00-04:00,AAPL,207.978817902887,211.51672307140856,207.6599011161091,210.490234375,36827600,0.0,0.0
2025-04-30 00:00:00-04:00,AAPL,208.58674127234366,212.8521544830753,205.96569903614,211.7758331298828,52286500,0.0,0.0
2025-05-01 00:00:00-04:00,AAPL,208.3674918385056,213.82881264887993,208.18809734114114,212.59304809570312,57365700,0.0,0.0
2025-05-02 00:00:00-04:00,AAPL,205.38767599056177,206.28461806468735,201.4710760745947,204.65020751953125,101010600,0.0,0.0
2025-05-05 00:00:00-04:00,AAPL,202.40787903175757,203.4044712176219,197.5345438511527,198.21221923828125,69018500,0.0,0.0
2025-05-06 00:00:00-04:00,AAPL,197.53454585917262,199.96621804369693,196.34859871285207,197.83351135253906,51216500,0.0,0.0
2025-05-07 00:00:00-04:00,AAPL,198.49125449640593,198.7603386318323,192.59143085844198,195.58120727539062,68536700,0.0,0.0
2025-05-08 00:00:00-04:00,AAPL,197.04619801698016,199.3682595147921,194.0165494128041,196.81698608398438,50478900,0.0,0.0
2025-05-09 00:00:00-04:00,AAPL,198.32183886048443,199.85658408831688,196.86680762308345,197.8534393310547,36453900,0.0,0.0
2025-05-12 00:00:00-04:00,AAPL,210.52675192915717,210.82612467262763,206.31561695740214,210.3471221923828,63775800,0.26,0.0
2025-05-13 00:00:00-04:00,AAPL,209.98788789546765,212.95164926547025,208.56089957562318,212.48263549804688,51909300,0.0,0.0
2025-05-14 00:00:00-04:00,AAPL,211.98369190366654,213.49052924285678,210.1375877621875,211.8839111328125,49325800,0.0,0.0
2025-05-15 00:00:00-04:00,AAPL,210.506803034962,212.51258988469863,209.0997617101353,211.00575256347656,45029500,0.0,0.0
2025-05-16 00:00:00-04:00,AAPL,211.9138418912236,212.12340739052024,209.3292870180407,210.81614685058594,54737900,0.0,0.0
2025-05-19 00:00:00-04:00,AAPL,207.47318710280226,209.0398806327114,203.83084657536088,208.3413543701172,46140500,0.0,0.0
2025-05-20 00:00:00-04:00,AAPL,207.23369558110693,208.03201787298204,204.5992426766309,206.42539978027344,42496600,0.0,0.0
2025-05-21 00:00:00-04:00,AAPL,204.7389515122616,206.6050179110669,200.2883301620853,201.66542053222656,59211800,0.0,0.0
2025-05-22 00:00:00-04:00,AAPL,200.28832240028711,202.32402973584547,199.28043462788855,200.93695068359375,46742400,0.0,0.0
2025-05-23 00:00:00-04:00,AAPL,193.2630967266574,197.28462846236872,193.05354646446796,194.8597412109375,78432900,0.0,0.0
2025-05-27 00:00:00-04:00,AAPL,197.88337691051132,200.31825293342968,197.01519441683536,199.78936767578125,56288500,0.0,0.0
2025-05-28 00:00:00-04:00,AAPL,200.16857290124128,202.3040763244224,199.48002009942556,199.99893188476562,45339700,0.0,0.0
2025-05-29 00:00:00-04:00,AAPL,203.15228556391767,203.38179807643976,198.09293019267844,199.5299072265625,51396800,0.0,0.0
2025-05-30 00:00:00-04:00,AAPL,198.95112277889336,201.53569281345096,196.36656797106642,200.4280242919922,70819900,0.0,0.0
2025-06-02 00:00:00-04:00,AAPL,199.85921507319503,201.70533435611304,199.69954757512772,201.27622985839844,35423300,0.0,0.0
2025-06-03 00:00:00-04:00,AAPL,200.92697696252267,203.34189080211323,200.53779694760377,202.8429412841797,46381600,0.0,0.0
2025-06-04 00:00:00-04:00,AAPL,202.4836823743862,205.80668775064265,201.67538665008354,202.3938751220703,43604000,0.0,0.0
2025-06-05 00:00:00-04:00,AAPL,203.07244608657666,204.3198198340372,199.72947835269025,200.20848083496094,55126100,0.0,0.0
2025-06-06 00:00:00-04:00,AAPL,202.57349663849442,205.26782088834017,201.62549563553227,203.49156188964844,46607700,0.0,0.0
2025-06-09 00:00:00-04:00,AAPL,203.96057412654167,205.56719211084615,199.59976040917107,201.02674865722656,72862600,0.0,0.0
2025-06-10 00:00:00-04:00,AAPL,200.17855851367187,203.92068000712237,200.14862275986277,202.24420166015625,54672600,0.0,0.0
2025-06-11 00:00:00-04:00,AAPL,203.0724503091444,204.07034932786254,197.99314795828434,198.36236572265625,60989900,0.0,0.0
2025-06-12 00:00:00-04:00,AAPL,198.66173587371065,199.26046614106752,196.94534836583952,198.78147888183594,43904600,0.0,0.0
2025-06-13 00:00:00-04:00,AAPL,199.3103695725812,199.9490243445518,195.2888376882346,196.03726196289062,51447300,0.0,0.0
2025-06-16 00:00:00-04:00,AAPL,196.8854859861783,198.27256505925683,196.1470352061455,198.0031280517578,43020700,0.0,0.0
2025-06-17 00:00:00-04:00,AAPL,196.78567812068002,197.97318035709665,194.79986887227625,195.2289581298828,38856200,0.0,0.0
2025-06-18 00:00:00-04:00,AAPL,195.52833742048526,197.15491770400297,194.66017014117494,196.1669921875,45394700,0.0,0.0
2025-06-20 00:00:00-04:00,AAPL,197.82351706190548,201.27623931614946,196.44641147314488,200.5777130126953,96813500,0.0,0.0
2025-06-23 00:00:00-04:00,AAPL,201.20637663769034,201.87496712850407,198.54198818263384,201.07664489746094,55814300,0.0,0.0
2025-06-24 00:00:00-04:00,AAPL,202.16436301176623,203.0125832870988,199.77938491343542,199.87918090820312,54064000,0.0,0.0
2025-06-25 00:00:00-04:00,AAPL,201.02675088646447,203.24208788881052,200.19849288768373,201.1365203857422,39525700,0.0,0.0
2025-06-26 00:00:00-04:00,AAPL,201.00680230384165,202.2142668779585,199.04095514509618,200.5777130126953,50799100,0.0,0.0
2025-06-27 00:00:00-04:00,AAPL,201.46584280819525,202.79305039965564,199.57981417332658,200.6575469970703,73188600,0.0,0.0
2025-06-30 00:00:00-04:00,AAPL,201.58557286233471,206.95427439094752,198.84135059390303,204.7389373779297,91912800,0.0,0.0
2025-07-01 00:00:00-04:00,AAPL,206.23578409144605,209.74839282792448,205.70689884063935,207.3833770751953,78788900,0.0,0.0
2025-07-02 00:00:00-04:00,AAPL,208.47108532398713,212.8917706186518,207.7026988246806,211.99366760253906,67941800,0.0,0.0
2025-07-03 00:00:00-04:00,AAPL,211.70426588787655,214.1990133776075,211.3649838836884,213.10133361816406,34955800,0.0,0.0
2025-07-07 00:00:00-04:00,AAPL,212.23315593085263,215.77570049162512,208.36131809352125,209.50889587402344,50229000,0.0,0.0
2025-07-08 00:00:00-04:00,AAPL,209.658593847986,210.98578616820197,208.01205130024096,209.5687713623047,42848900,0.0,0.0
2025-07-09 00:00:00-04:00,AAPL,209.0897778625777,210.8859991217609,206.78463359109693,210.69639587402344,48749400,0.0,0.0
2025-07-10 00:00:00-04:00,AAPL,210.06772774811225,213.03148920420767,209.58874045798783,211.9637451171875,44443600,0.0,0.0
2025-07-11 00:00:00-04:00,AAPL,210.12759762046792,211.68431760849728,209.41908263784933,210.7163543701172,39765800,0.0,0.0
2025-07-14 00:00:00-04:00,AAPL,209.48893166698292,210.46688365912564,207.10395364435493,208.1816864013672,38840100,0.0,0.0
2025-07-15 00:00:00-04:00,AAPL,208.7804390594974,211.44482767792792,208.48106630115817,208.67066955566406,42296300,0.0,0.0
2025-07-16 00:00:00-04:00,AAPL,209.85816533566302,211.9537441254909,208.20164932080104,209.7184600830078,47490500,0.0,0.0
2025-07-17 00:00:00-04:00,AAPL,210.12759810142074,211.3550095983717,209.14964612579556,209.57875061035156,48068100,0.0,0.0
2025-07-18 00:00:00-04:00,AAPL,210.42696659875526,211.34503189230253,209.25942654413325,210.73631286621094,48974600,0.0,0.0
2025-07-21 00:00:00-04:00,AAPL,211.65439331220318,215.32665448510335,211.18537954340883,212.03358459472656,51377400,0.0,0.0
2025-07-22 00:00:00-04:00,AAPL,212.69219192810166,214.49838667908332,211.78410018506472,213.9495391845703,46404100,0.0,0.0
2025-07-23 00:00:00-04:00,AAPL,214.54829351654996,214.69797228179937,211.9637386583707,213.7000732421875,46989300,0.0,0.0
2025-07-24 00:00:00-04:00,AAPL,213.45060308663847,215.23685093304425,213.08138530657155,213.31089782714844,46022600,0.0,0.0
2025-07-25 00:00:00-04:00,AAPL,214.24891808809048,214.7877920897316,212.95164630742312,213.43064880371094,40268800,0.0,0.0
2025-07-28 00:00:00-04:00,AAPL,213.5803337758995,214.39861831079742,212.61237047326716,213.6002960205078,37858000,0.0,0.0
2025-07-29 00:00:00-04:00,AAPL,213.73000061776605,214.3586818606333,210.37707459375494,210.8261260986328,51411700,0.0,0.0
2025-07-30 00:00:00-04:00,AAPL,211.454797150492,211.94377315400357,207.28358653790625,208.6107940673828,45512500,0.0,0.0
2025-07-31 00:00:00-04:00,AAPL,208.0519764228089,209.39913099136336,206.72476887181696,207.1339111328125,80698400,0.0,0.0
2025-08-01 00:00:00-04:00,AAPL,210.4269561886582,213.13126916468397,201.07664747870345,201.95480346679688,104434500,0.0,0.0
2025-08-04 00:00:00-04:00,AAPL,204.0803265791815,207.44325668811337,201.25627047720934,202.9227752685547,75109300,0.0,0.0
2025-08-05 00:00:00-04:00,AAPL,202.97265486934364,204.90858140720596,201.73526982787092,202.49366760253906,44155100,0.0,0.0
2025-08-06 00:00:00-04:00,AAPL,205.1979708684584,214.9274858636443,205.15804638253505,212.8019561767578,108483100,0.0,0.0
2025-08-07 00:00:00-04:00,AAPL,218.42014073215765,220.38600300495352,216.12496995802366,219.56771850585938,90224800,0.0,0.0
2025-08-08 00:00:00-04:00,AAPL,220.36603010589778,230.51466074526758,218.78934791515115,228.86813354492188,113854000,0.0,0.0
2025-08-11 00:00:00-04:00,AAPL,227.6992650180531,229.33767612130436,224.54232171734583,226.95997619628906,61806100,0.26,0.0
2025-08-12 00:00:00-04:00,AAPL,227.78917070894937,230.57647717809445,226.8500938879156,229.42758178710938,55626200,0.0,0.0
2025-08-13 00:00:00-04:00,AAPL,230.8462285986664,234.77241529044048,230.2068337695816,233.10403442382812,69878500,0.0,0.0
2025-08-14 00:00:00-04:00,AAPL,233.83332460758467,234.89229562265464,230.6264418350812,232.5545654296875,51916300,0.0,0.0
2025-08-15 00:00:00-04:00,AAPL,233.77337703316005,234.0531046408583,229.11788646444978,231.36570739746094,56038700,0.0,0.0
2025-08-18 00:00:00-04:00,AAPL,231.47561022214762,232.89423321308522,229.88715369469057,230.66639709472656,37476200,0.0,0.0
2025-08-19 00:00:00-04:00,AAPL,231.05601964615855,232.64447617946885,229.1278960385577,230.3367156982422,39402600,0.0,0.0
2025-08-20 00:00:00-04:00,AAPL,229.75726351111018,230.24679444121838,225.55134937034353,225.79110717773438,42263900,0.0,0.0
2025-08-21 00:00:00-04:00,AAPL,226.05087353353895,226.30063142153253,223.56327948127884,224.68218994140625,30621200,0.0,0.0
2025-08-22 00:00:00-04:00,AAPL,225.95095699429655,228.8681272027074,225.1916985271248,227.53941345214844,42477800,0.0,0.0
2025-08-25 00:00:00-04:00,AAPL,226.26065308481304,229.07792927219558,226.01089520624416,226.94000244140625,30983100,0.0,0.0
2025-08-26 00:00:00-04:00,AAPL,226.65028173376106,229.26775474756235,224.4724002828088,229.08792114257812,54575100,0.0,0.0
2025-08-27 00:00:00-04:00,AAPL,228.38860049855515,230.676376013076,228.03893336267103,230.26678466796875,31259500,0.0,0.0
2025-08-28 00:00:00-04:00,AAPL,230.59647266873003,233.18396075811214,229.11789497993007,232.33477783203125,38074700,0.0,0.0
2025-08-29 00:00:00-04:00,AAPL,232.28481317583598,233.15398096397084,231.145917853049,231.91517639160156,39418400,0.0,0.0
2025-09-02 00:00:00-04:00,AAPL,229.02798202980685,230.62643860177437,226.75019132336067,229.49752807617188,44075600,0.0,0.0
2025-09-03 00:00:00-04:00,AAPL,236.98028515930878,238.6186963224971,234.133039090421,238.2390594482422,66427800,0.0,0.0
2025-09-04 00:00:00-04:00,AAPL,238.21906152531412,239.66765417218173,236.51072617258424,239.5477752685547,47549400,0.0,0.0
2025-09-05 00:00:00-04:00,AAPL,239.76756781945676,241.08629675958926,238.25903569310344,239.45787048339844,54870400,0.0,0.0
2025-09-08 00:00:00-04:00,AAPL,239.06825064349684,239.91741830634814,236.11111057683257,237.64962768554688,48999500,0.0,0.0
2025-09-09 00:00:00-04:00,AAPL,236.77047435136637,238.5487492683241,233.13400016518182,234.123046875,66313900,0.0,0.0
2025-09-10 00:00:00-04:00,AAPL,231.96513778704139,232.19491077497392,225.73117543382176,226.5703582763672,83440800,0.0,0.0
2025-09-11 00:00:00-04:00,AAPL,226.66027725307507,230.22681187017153,226.43048902665416,229.80722045898438,50208600,0.0,0.0
2025-09-12 00:00:00-04:00,AAPL,228.9980136278554,234.28288383192944,228.79821036620638,233.84332275390625,55824200,0.0,0.0
2025-09-15 00:00:00-04:00,AAPL,236.77047667310174,237.95932665324483,234.80238330570734,236.47076416015625,42699500,0.0,0.0
2025-09-16 00:00:00-04:00,AAPL,236.9502954777413,240.98639147239973,236.09114297984144,237.9193572998047,63421100,0.0,0.0
2025-09-17 00:00:00-04:00,AAPL,238.73857528095925,239.86748583209587,237.4997706474641,238.75856018066406,46508000,0.0,0.0
2025-09-18 00:00:00-04:00,AAPL,239.737599946219,240.9664044724694,236.4208079152849,237.64962768554688,44249600,0.0,0.0
2025-09-19 00:00:00-04:00,AAPL,240.99636870073516,246.06146581163878,239.9773675285625,245.26223754882812,163741300,0.0,0.0
2025-09-22 00:00:00-04:00,AAPL,248.05953649140056,256.3914711896616,247.8797028858207,255.8319854736328,105517400,0.0,0.0
2025-09-23 00:00:00-04:00,AAPL,255.63220171436936,257.0907792625319,253.33442606621003,254.18359375,60275200,0.0,0.0
2025-09-24 00:00:00-04:00,AAPL,254.9728287261993,255.4923293909784,250.79686899703333,252.06564331054688,42303700,0.0,0.0
2025-09-25 00:00:00-04:00,AAPL,252.96477212582877,256.9209435623003,251.466224879955,256.6212158203125,55202100,0.0,0.0
2025-09-26 00:00:00-04:00,AAPL,253.8539172209246,257.3505275669758,253.5342198150173,255.2126007080078,46076300,0.0,0.0
2025-09-29 00:00:00-04:00,AAPL,254.31347273152574,254.75304905914027,252.76497075706976,254.18359375,40127700,0.0,0.0
2025-09-30 00:00:00-04:00,AAPL,254.61318058017173,255.67215158054225,252.8648753735947,254.38340759277344,37704300,0.0,0.0
2025-10-01 00:00:00-04:00,AAPL,254.7929996074261,258.53938316103813,254.6831055272507,255.20260620117188,48713900,0.0,0.0
2025-10-02 00:00:00-04:00,AAPL,256.33149581258533,257.9299523535748,253.9038565188199,256.8809814453125,42630200,0.0,0.0
2025-10-03 00:00:00-04:00,AAPL,254.42336451804394,258.9889308017334,253.70406057825727,257.7701110839844,49155600,0.0,0.0
2025-10-06 00:00:00-04:00,AAPL,257.7401350456914,258.819106172963,254.80299514816292,256.44140625,44664100,0.0,0.0
2025-10-07 00:00:00-04:00,AAPL,256.56129542181253,257.15072039039774,255.18262697514498,256.23162841796875,31955800,0.0,0.0
2025-10-08 00:00:00-04:00,AAPL,256.2715719294531,258.2696351050741,255.8619653198879,257.8100891113281,36496900,0.0,0.0
2025-10-09 00:00:00-04:00,AAPL,257.5603136690899,257.75013209688524,252.8948383011137,253.79396057128906,38322000,0.0,0.0
2025-10-10 00:00:00-04:00,AAPL,254.69310389004832,256.13171175032437,243.76369637579657,245.032470703125,61999100,0.0,0.0
2025-10-13 00:00:00-04:00,AAPL,249.13848619669534,249.44818352992385,245.32217845998096,247.42015075683594,38142900,0.0,0.0
2025-10-14 00:00:00-04:00,AAPL,246.36117950382103,248.60900042906025,244.46301046499008,247.53004455566406,35478000,0.0,0.0
2025-10-15 00:00:00-04:00,AAPL,249.24838988167792,251.5761352503302,247.2303418581919,249.09852600097656,33893600,0.0,0.0
2025-10-16 00:00:00-04:00,AAPL,248.00958596667436,248.79881419551728,244.8926123625184,247.21035766601562,39777000,0.0,0.0
2025-10-17 00:00:00-04:00,AAPL,247.77980070207627,253.13461023404025,247.03052706557392,252.045654296875,49147000,0.0,0.0
2025-10-20 00:00:00-04:00,AAPL,255.64218177653177,264.1239650925819,255.3824390623343,261.98602294921875,90483000,0.0,0.0
2025-10-21 00:00:00-04:00,AAPL,261.6263807259345,265.03308188579996,261.5764108568555,262.5155029296875,46695900,0.0,0.0
2025-10-22 00:00:00-04:00,AAPL,262.3956210979312,262.5954395959732,255.18261234613632,258.19970703125,45015300,0.0,0.0
2025-10-23 00:00:00-04:00,AAPL,259.68824995662277,260.36758405794774,257.76012648314656,259.3285827636719,32754900,0.0,0.0
2025-10-24 00:00:00-04:00,AAPL,260.93706434715574,263.87421967110856,258.9290010880386,262.56549072265625,38253700,0.0,0.0
2025-10-27 00:00:00-04:00,AAPL,264.6234656652487,268.8593494221352,264.3936774471076,268.5496520996094,44888200,0.0,0.0
2025-10-28 00:00:00-04:00,AAPL,268.7294713644567,269.6286240979669,267.8902885694659,268.7394714355469,41534800,0.0,0.0
2025-10-29 00:00:00-04:00,AAPL,269.01920560410514,271.1471476128123,266.85129379808274,269.4388122558594,51086700,0.0,0.0
2025-10-30 00:00:00-04:00,AAPL,271.72657092903916,273.87451306817263,268.2199910571769,271.13714599609375,69886500,0.0,0.0
2025-10-31 00:00:00-04:00,AAPL,276.721738255342,277.05143573891627,268.89933466249033,270.108154296875,86167100,0.0,0.0
2025-11-03 00:00:00-05:00,AAPL,270.15812755648943,270.5877038096653,265.9921525413924,268.7894287109375,50194600,0.0,0.0
2025-11-04 00:00:00-05:00,AAPL,268.0701070960229,271.22705027239556,267.36080327265466,269.7784729003906,49274800,0.0,0.0
2025-11-05 00:00:00-05:00,AAPL,268.3498399683747,271.43687417180433,266.67147434431234,269.8783874511719,43683100,0.0,0.0
2025-11-06 00:00:00-05:00,AAPL,267.6305743388968,273.1352174017799,267.6305743388968,269.50872802734375,51204000,0.0,0.0
2025-11-07 00:00:00-05:00,AAPL,269.5386899523433,272.02629915101613,266.51162568814635,268.2099914550781,48227400,0.0,0.0
2025-11-10 00:00:00-05:00,AAPL,268.9599914550781,273.7300109863281,267.4599914550781,269.42999267578125,41312400,0.26,0.0
2025-11-11 00:00:00-05:00,AAPL,269.80999755859375,275.9100036621094,269.79998779296875,275.25,46208300,0.0,0.0
2025-11-12 00:00:00-05:00,AAPL,275.0,275.7300109863281,271.70001220703125,273.4700012207031,48398000,0.0,0.0
2025-11-13 00:00:00-05:00,AAPL,274.1099853515625,276.70001220703125,272.0899963378906,272.95001220703125,49602800,0.0,0.0
2025-11-14 00:00:00-05:00,AAPL,271.04998779296875,275.9599914550781,269.6000061035156,272.4100036621094,47431300,0.0,0.0
2025-11-17 00:00:00-05:00,AAPL,268.82000732421875,270.489990234375,265.7300109863281,267.4599914550781,45018300,0.0,0.0
2025-11-18 00:00:00-05:00,AAPL,269.989990234375,270.7099914550781,265.32000732421875,267.44000244140625,45677300,0.0,0.0
2025-11-19 00:00:00-05:00,AAPL,265.5299987792969,272.2099914550781,265.5,268.55999755859375,40424500,0.0,0.0
2025-11-20 00:00:00-05:00,AAPL,270.8299865722656,275.42999267578125,265.9200134277344,266.25,45823600,0.0,0.0
2025-11-21 00:00:00-05:00,AAPL,265.95001220703125,273.3299865722656,265.6700134277344,271.489990234375,59030800,0.0,0.0
2025-11-24 00:00:00-05:00,AAPL,270.8999938964844,277.0,270.8999938964844,275.9200134277344,65585800,0.0,0.0
2025-11-25 00:00:00-05:00,AAPL,275.2699890136719,280.3800048828125,275.25,276.9700012207031,46914200,0.0,0.0
2025-11-26 00:00:00-05:00,AAPL,276.9599914550781,279.5299987792969,276.6300048828125,277.54998779296875,33431400,0.0,0.0
2025-11-28 00:00:00-05:00,AAPL,277.260009765625,279.0,275.989990234375,278.8500061035156,20135600,0.0,0.0
2025-12-01 00:00:00-05:00,AAPL,278.010009765625,283.4200134277344,276.1400146484375,283.1000061035156,46587700,0.0,0.0
2025-12-02 00:00:00-05:00,AAPL,283.0,287.3999938964844,282.6300048828125,286.19000244140625,53669500,0.0,0.0
2025-12-03 00:00:00-05:00,AAPL,286.20001220703125,288.6199951171875,283.29998779296875,284.1499938964844,43538700,0.0,0.0
2025-12-04 00:00:00-05:00,AAPL,284.1000061035156,284.7300109863281,278.5899963378906,280.70001220703125,43989100,0.0,0.0
2025-12-05 00:00:00-05:00,AAPL,280.5400085449219,281.1400146484375,278.04998779296875,278.7799987792969,47265800,0.0,0.0
2025-12-08 00:00:00-05:00,AAPL,278.1300048828125,279.6700134277344,276.1499938964844,277.8900146484375,38211800,0.0,0.0
2025-12-09 00:00:00-05:00,AAPL,278.1600036621094,280.0299987792969,276.9200134277344,277.17999267578125,32193300,0.0,0.0
2025-12-10 00:00:00-05:00,AAPL,277.75,279.75,276.44000244140625,278.7799987792969,33038300,0.0,0.0
2025-12-11 00:00:00-05:00,AAPL,279.1000061035156,279.5899963378906,273.80999755859375,278.0299987792969,33248000,0.0,0.0
2025-12-12 00:00:00-05:00,AAPL,277.8999938964844,279.2200012207031,276.82000732421875,278.2799987792969,39532900,0.0,0.0
2025-12-15 00:00:00-05:00,AAPL,280.1499938964844,280.1499938964844,272.8399963378906,274.1099853515625,50263500,0.0,0.0
2025-12-16 00:00:00-05:00,AAPL,272.82000732421875,274.0299987792969,271.7900085449219,272.9750061035156,10239961,0.0,0.0
2024-12-16 00:00:00-05:00,INTC,20.170000076293945,21.100000381469727,20.0,20.829999923706055,73832900,0.0,0.0
2024-12-17 00:00:00-05:00,INTC,20.639999389648438,20.770000457763672,20.290000915527344,20.440000534057617,51767200,0.0,0.0
2024-12-18 00:00:00-05:00,INTC,20.479999542236328,20.579999923706055,19.209999084472656,19.299999237060547,86041200,0.0,0.0
2024-12-19 00:00:00-05:00,INTC,19.530000686645508,19.690000534057617,19.030000686645508,19.059999465942383,69117800,0.0,0.0
2024-12-20 00:00:00-05:00,INTC,18.969999313354492,19.760000228881836,18.899999618530273,19.520000457763672,108453700,0.0,0.0
2024-12-23 00:00:00-05:00,INTC,19.579999923706055,20.229999542236328,19.520000457763672,20.200000762939453,57988400,0.0,0.0
2024-12-24 00:00:00-05:00,INTC,20.219999313354492,20.399999618530273,19.959999084472656,20.399999618530273,29884000,0.0,0.0
2024-12-26 00:00:00-05:00,INTC,20.229999542236328,20.670000076293945,20.079999923706055,20.440000534057617,39846200,0.0,0.0
2024-12-27 00:00:00-05:00,INTC,20.209999084472656,20.610000610351562,20.09000015258789,20.299999237060547,48260800,0.0,0.0
2024-12-30 00:00:00-05:00,INTC,20.010000228881836,20.110000610351562,19.729999542236328,19.81999969482422,59608100,0.0,0.0
2024-12-31 00:00:00-05:00,INTC,19.989999771118164,20.399999618530273,19.8799991607666,20.049999237060547,49846700,0.0,0.0
2025-01-02 00:00:00-05:00,INTC,20.229999542236328,20.43000030517578,20.0,20.219999313354492,46438500,0.0,0.0
2025-01-03 00:00:00-05:00,INTC,20.389999389648438,20.670000076293945,20.059999465942383,20.559999465942383,48983900,0.0,0.0
2025-01-06 00:00:00-05:00,INTC,20.829999923706055,20.979999542236328,19.780000686645508,19.8700008392334,83271000,0.0,0.0
2025-01-07 00:00:00-05:00,INTC,20.020000457763672,20.34000015258789,19.899999618530273,20.010000228881836,61726100,0.0,0.0
2025-01-08 00:00:00-05:00,INTC,19.829999923706055,20.1200008392334,19.709999084472656,19.8799991607666,47897100,0.0,0.0
2025-01-10 00:00:00-05:00,INTC,19.65999984741211,19.65999984741211,18.90999984741211,19.149999618530273,71244600,0.0,0.0
2025-01-13 00:00:00-05:00,INTC,18.920000076293945,19.25,18.729999542236328,19.200000762939453,50669000,0.0,0.0
2025-01-14 00:00:00-05:00,INTC,19.360000610351562,19.520000457763672,18.81999969482422,19.200000762939453,47147500,0.0,0.0
2025-01-15 00:00:00-05:00,INTC,19.399999618530273,19.770000457763672,19.170000076293945,19.719999313354492,56306000,0.0,0.0
2025-01-16 00:00:00-05:00,INTC,19.75,19.950000762939453,19.399999618530273,19.670000076293945,44898100,0.0,0.0
2025-01-17 00:00:00-05:00,INTC,21.260000228881836,21.6200008392334,20.790000915527344,21.489999771118164,166483900,0.0,0.0
2025-01-21 00:00:00-05:00,INTC,22.030000686645508,22.40999984741211,21.75,21.770000457763672,96262200,0.0,0.0
2025-01-22 00:00:00-05:00,INTC,21.729999542236328,22.290000915527344,21.56999969482422,21.860000610351562,60972600,0.0,0.0
2025-01-23 00:00:00-05:00,INTC,21.690000534057617,21.75,21.350000381469727,21.56999969482422,55778200,0.0,0.0
2025-01-24 00:00:00-05:00,INTC,21.360000610351562,21.40999984741211,20.75,20.829999923706055,66300600,0.0,0.0
2025-01-27 00:00:00-05:00,INTC,20.809999465942383,21.059999465942383,20.139999389648438,20.290000915527344,83582100,0.0,0.0
2025-01-28 00:00:00-05:00,INTC,20.34000015258789,20.34000015258789,19.739999771118164,19.799999237060547,73411400,0.0,0.0
2025-01-29 00:00:00-05:00,INTC,19.8700008392334,20.079999923706055,19.65999984741211,19.75,86506800,0.0,0.0
2025-01-30 00:00:00-05:00,INTC,19.719999313354492,20.100000381469727,19.43000030517578,20.010000228881836,108167000,0.0,0.0
2025-01-31 00:00:00-05:00,INTC,20.100000381469727,20.329999923706055,19.3799991607666,19.43000030517578,117081700,0.0,0.0
2025-02-03 00:00:00-05:00,INTC,18.969999313354492,19.75,18.780000686645508,19.3799991607666,77523100,0.0,0.0
2025-02-04 00:00:00-05:00,INTC,19.100000381469727,19.530000686645508,19.020000457763672,19.290000915527344,54098200,0.0,0.0
2025-02-05 00:00:00-05:00,INTC,19.190000534057617,19.770000457763672,18.90999984741211,19.649999618530273,66059200,0.0,0.0
2025-02-06 00:00:00-05:00,INTC,19.510000228881836,19.700000762939453,19.219999313354492,19.3799991607666,45553800,0.0,0.0
2025-02-07 00:00:00-05:00,INTC,19.350000381469727,19.360000610351562,19.030000686645508,19.100000381469727,58277900,0.0,0.0
2025-02-10 00:00:00-05:00,INTC,19.25,20.079999923706055,19.239999771118164,19.770000457763672,73007300,0.0,0.0
2025-02-11 00:00:00-05:00,INTC,19.8700008392334,21.8799991607666,19.860000610351562,20.969999313354492,150960700,0.0,0.0
2025-02-12 00:00:00-05:00,INTC,21.979999542236328,22.559999465942383,20.93000030517578,22.479999542236328,162631200,0.0,0.0
2025-02-13 00:00:00-05:00,INTC,22.84000015258789,24.829999923706055,22.790000915527344,24.1299991607666,248661300,0.0,0.0
2025-02-14 00:00:00-05:00,INTC,24.360000610351562,25.190000534057617,22.860000610351562,23.600000381469727,230254100,0.0,0.0
2025-02-18 00:00:00-05:00,INTC,24.600000381469727,27.549999237060547,24.489999771118164,27.389999389648438,284292200,0.0,0.0
2025-02-19 00:00:00-05:00,INTC,25.979999542236328,26.329999923706055,25.459999084472656,25.719999313354492,151881700,0.0,0.0
2025-02-20 00:00:00-05:00,INTC,25.559999465942383,26.1200008392334,24.479999542236328,26.09000015258789,144939600,0.0,0.0
2025-02-21 00:00:00-05:00,INTC,25.959999084472656,26.290000915527344,24.84000015258789,24.8700008392334,111630900,0.0,0.0
2025-02-24 00:00:00-05:00,INTC,24.549999237060547,24.799999237060547,23.6200008392334,24.270000457763672,91358100,0.0,0.0
2025-02-25 00:00:00-05:00,INTC,24.209999084472656,24.280000686645508,22.770000457763672,22.989999771118164,88886500,0.0,0.0
2025-02-26 00:00:00-05:00,INTC,23.25,23.81999969482422,23.209999084472656,23.520000457763672,67449300,0.0,0.0
2025-02-27 00:00:00-05:00,INTC,23.700000762939453,24.399999618530273,23.06999969482422,23.09000015258789,97871900,0.0,0.0
2025-02-28 00:00:00-05:00,INTC,23.020000457763672,24.440000534057617,22.639999389648438,23.729999542236328,104133800,0.0,0.0
2025-03-03 00:00:00-05:00,INTC,25.0,25.040000915527344,22.520000457763672,22.739999771118164,141348700,0.0,0.0
2025-03-04 00:00:00-05:00,INTC,22.540000915527344,22.6299991607666,20.760000228881836,21.329999923706055,152182200,0.0,0.0
2025-03-05 00:00:00-05:00,INTC,21.329999923706055,21.360000610351562,20.18000030517578,20.809999465942383,127219300,0.0,0.0
2025-03-06 00:00:00-05:00,INTC,20.260000228881836,21.1299991607666,20.0,20.75,96466400,0.0,0.0
2025-03-07 00:00:00-05:00,INTC,20.270000457763672,21.200000762939453,20.110000610351562,20.639999389648438,81099600,0.0,0.0
2025-03-10 00:00:00-04:00,INTC,20.239999771118164,20.510000228881836,19.649999618530273,19.93000030517578,82760600,0.0,0.0
2025-03-11 00:00:00-04:00,INTC,19.969999313354492,20.059999465942383,19.290000915527344,19.780000686645508,80789000,0.0,0.0
2025-03-12 00:00:00-04:00,INTC,20.790000915527344,21.170000076293945,20.209999084472656,20.68000030517578,128671100,0.0,0.0
2025-03-13 00:00:00-04:00,INTC,23.5,24.530000686645508,23.1299991607666,23.700000762939453,243261000,0.0,0.0
2025-03-14 00:00:00-04:00,INTC,23.68000030517578,24.3700008392334,23.520000457763672,24.049999237060547,116901600,0.0,0.0
2025-03-17 00:00:00-04:00,INTC,24.420000076293945,26.149999618530273,24.3700008392334,25.690000534057617,160723600,0.0,0.0
2025-03-18 00:00:00-04:00,INTC,25.549999237060547,26.40999984741211,25.389999389648438,25.920000076293945,132488800,0.0,0.0
2025-03-19 00:00:00-04:00,INTC,24.899999618530273,25.229999542236328,24.030000686645508,24.1200008392334,135491400,0.0,0.0
2025-03-20 00:00:00-04:00,INTC,23.770000457763672,24.309999465942383,23.729999542236328,23.959999084472656,68937600,0.0,0.0
2025-03-21 00:00:00-04:00,INTC,23.600000381469727,24.700000762939453,23.489999771118164,24.260000228881836,94110700,0.0,0.0
2025-03-24 00:00:00-04:00,INTC,24.719999313354492,24.989999771118164,24.1299991607666,24.219999313354492,69169000,0.0,0.0
2025-03-25 00:00:00-04:00,INTC,24.18000030517578,24.75,24.110000610351562,24.200000762939453,51743300,0.0,0.0
2025-03-26 00:00:00-04:00,INTC,24.25,24.420000076293945,23.25,23.420000076293945,59496700,0.0,0.0
2025-03-27 00:00:00-04:00,INTC,23.290000915527344,23.760000228881836,22.860000610351562,23.6200008392334,57720600,0.0,0.0
2025-03-28 00:00:00-04:00,INTC,23.350000381469727,23.579999923706055,22.559999465942383,22.709999084472656,58365300,0.0,0.0
2025-03-31 00:00:00-04:00,INTC,22.3799991607666,22.75,21.75,22.709999084472656,65832000,0.0,0.0
2025-04-01 00:00:00-04:00,INTC,22.559999465942383,22.6200008392334,21.65999984741211,22.049999237060547,64060400,0.0,0.0
2025-04-02 00:00:00-04:00,INTC,21.889999389648438,22.3799991607666,21.700000762939453,21.979999542236328,58878800,0.0,0.0
2025-04-03 00:00:00-04:00,INTC,21.399999618530273,23.899999618530273,20.860000610351562,22.43000030517578,242972100,0.0,0.0
2025-04-04 00:00:00-04:00,INTC,21.700000762939453,22.200000762939453,19.700000762939453,19.850000381469727,175014700,0.0,0.0
2025-04-07 00:00:00-04:00,INTC,19.139999389648438,20.670000076293945,18.559999465942383,19.56999969482422,142491200,0.0,0.0
2025-04-08 00:00:00-04:00,INTC,20.059999465942383,20.389999389648438,17.670000076293945,18.1299991607666,163982700,0.0,0.0
2025-04-09 00:00:00-04:00,INTC,18.06999969482422,21.729999542236328,17.979999542236328,21.530000686645508,224183500,0.0,0.0
2025-04-10 00:00:00-04:00,INTC,20.68000030517578,20.81999969482422,19.15999984741211,19.8799991607666,129064900,0.0,0.0
2025-04-11 00:00:00-04:00,INTC,19.25,19.799999237060547,18.18000030517578,19.739999771118164,128425800,0.0,0.0
2025-04-14 00:00:00-04:00,INTC,20.59000015258789,21.049999237060547,19.979999542236328,20.309999465942383,101964400,0.0,0.0
2025-04-15 00:00:00-04:00,INTC,20.200000762939453,20.469999313354492,19.809999465942383,19.850000381469727,64056900,0.0,0.0
2025-04-16 00:00:00-04:00,INTC,19.34000015258789,19.43000030517578,18.719999313354492,19.229999542236328,89469700,0.0,0.0
2025-04-17 00:00:00-04:00,INTC,18.90999984741211,19.100000381469727,18.559999465942383,18.93000030517578,85646700,0.0,0.0
2025-04-21 00:00:00-04:00,INTC,18.93000030517578,18.989999771118164,18.25,18.84000015258789,72409900,0.0,0.0
2025-04-22 00:00:00-04:00,INTC,19.059999465942383,19.739999771118164,19.040000915527344,19.510000228881836,83365600,0.0,0.0
2025-04-23 00:00:00-04:00,INTC,20.719999313354492,21.030000686645508,20.309999465942383,20.59000015258789,97188100,0.0,0.0
2025-04-24 00:00:00-04:00,INTC,21.040000915527344,21.549999237060547,20.8799991607666,21.489999771118164,117086200,0.0,0.0
2025-04-25 00:00:00-04:00,INTC,19.729999542236328,20.18000030517578,19.34000015258789,20.049999237060547,147711200,0.0,0.0
2025-04-28 00:00:00-04:00,INTC,20.1200008392334,21.079999923706055,20.049999237060547,20.510000228881836,96624400,0.0,0.0
2025-04-29 00:00:00-04:00,INTC,20.309999465942383,20.850000381469727,20.219999313354492,20.34000015258789,70031900,0.0,0.0
2025-04-30 00:00:00-04:00,INTC,19.709999084472656,20.18000030517578,19.549999237060547,20.100000381469727,68297300,0.0,0.0
2025-05-01 00:00:00-04:00,INTC,20.219999313354492,20.649999618530273,19.940000534057617,19.979999542236328,72607500,0.0,0.0
2025-05-02 00:00:00-04:00,INTC,20.260000228881836,20.780000686645508,20.209999084472656,20.6200008392334,63298500,0.0,0.0
2025-05-05 00:00:00-04:00,INTC,20.389999389648438,20.579999923706055,20.239999771118164,20.270000457763672,44237000,0.0,0.0
2025-05-06 00:00:00-04:00,INTC,19.920000076293945,20.1200008392334,19.770000457763672,19.940000534057617,51330800,0.0,0.0
2025-05-07 00:00:00-04:00,INTC,19.969999313354492,20.3700008392334,19.81999969482422,20.309999465942383,61002600,0.0,0.0
2025-05-08 00:00:00-04:00,INTC,21.010000228881836,21.239999771118164,20.639999389648438,21.0,71651700,0.0,0.0
2025-05-09 00:00:00-04:00,INTC,21.200000762939453,21.450000762939453,20.829999923706055,21.420000076293945,51768600,0.0,0.0
2025-05-12 00:00:00-04:00,INTC,22.18000030517578,22.670000076293945,21.8799991607666,22.18000030517578,94578700,0.0,0.0
2025-05-13 00:00:00-04:00,INTC,22.360000610351562,22.8799991607666,22.299999237060547,22.559999465942383,76850400,0.0,0.0
2025-05-14 00:00:00-04:00,INTC,22.350000381469727,22.459999084472656,21.459999084472656,21.520000457763672,91584800,0.0,0.0
2025-05-15 00:00:00-04:00,INTC,21.229999542236328,21.6299991607666,21.190000534057617,21.549999237060547,66705500,0.0,0.0
2025-05-16 00:00:00-04:00,INTC,21.530000686645508,21.760000228881836,21.350000381469727,21.65999984741211,55795100,0.0,0.0
2025-05-19 00:00:00-04:00,INTC,21.18000030517578,21.559999465942383,21.049999237060547,21.3799991607666,64279100,0.0,0.0
2025-05-20 00:00:00-04:00,INTC,21.329999923706055,21.40999984741211,21.1200008392334,21.270000457763672,48497400,0.0,0.0
2025-05-21 00:00:00-04:00,INTC,21.190000534057617,21.6299991607666,20.59000015258789,20.690000534057617,62904700,0.0,0.0
2025-05-22 00:00:00-04:00,INTC,20.729999542236328,20.899999618530273,20.510000228881836,20.549999237060547,56077500,0.0,0.0
2025-05-23 00:00:00-04:00,INTC,20.15999984741211,20.270000457763672,19.940000534057617,20.049999237060547,68206100,0.0,0.0
2025-05-27 00:00:00-04:00,INTC,20.440000534057617,20.670000076293945,20.18000030517578,20.549999237060547,69504600,0.0,0.0
2025-05-28 00:00:00-04:00,INTC,20.56999969482422,20.639999389648438,20.329999923706055,20.3700008392334,46096500,0.0,0.0
2025-05-29 00:00:00-04:00,INTC,20.540000915527344,20.600000381469727,20.100000381469727,20.25,66372200,0.0,0.0
2025-05-30 00:00:00-04:00,INTC,20.260000228881836,20.260000228881836,19.309999465942383,19.549999237060547,114281900,0.0,0.0
2025-06-02 00:00:00-04:00,INTC,19.479999542236328,19.81999969482422,19.3700008392334,19.739999771118164,67885500,0.0,0.0
2025-06-03 00:00:00-04:00,INTC,19.75,20.40999984741211,19.399999618530273,20.290000915527344,80401900,0.0,0.0
2025-06-04 00:00:00-04:00,INTC,20.34000015258789,20.5,20.010000228881836,20.25,71166500,0.0,0.0
2025-06-05 00:00:00-04:00,INTC,20.270000457763672,20.549999237060547,19.850000381469727,19.989999771118164,72458400,0.0,0.0
2025-06-06 00:00:00-04:00,INTC,20.170000076293945,20.440000534057617,20.030000686645508,20.059999465942383,70072800,0.0,0.0
2025-06-09 00:00:00-04:00,INTC,20.219999313354492,20.959999084472656,20.219999313354492,20.479999542236328,92893900,0.0,0.0
2025-06-10 00:00:00-04:00,INTC,20.5,22.440000534057617,20.280000686645508,22.079999923706055,171457000,0.0,0.0
2025-06-11 00:00:00-04:00,INTC,21.780000686645508,21.829999923706055,20.3799991607666,20.68000030517578,146784500,0.0,0.0
2025-06-12 00:00:00-04:00,INTC,20.5,20.979999542236328,20.40999984741211,20.770000457763672,78175900,0.0,0.0
2025-06-13 00:00:00-04:00,INTC,20.329999923706055,20.600000381469727,20.100000381469727,20.139999389648438,87655900,0.0,0.0
2025-06-16 00:00:00-04:00,INTC,20.40999984741211,20.93000030517578,20.299999237060547,20.739999771118164,86745100,0.0,0.0
2025-06-17 00:00:00-04:00,INTC,20.6299991607666,21.479999542236328,20.6200008392334,20.799999237060547,87512200,0.0,0.0
2025-06-18 00:00:00-04:00,INTC,20.809999465942383,21.600000381469727,20.65999984741211,21.489999771118164,94200600,0.0,0.0
2025-06-20 00:00:00-04:00,INTC,21.700000762939453,21.889999389648438,20.8799991607666,21.079999923706055,133472800,0.0,0.0
2025-06-23 00:00:00-04:00,INTC,21.06999969482422,21.579999923706055,20.729999542236328,21.190000534057617,81461000,0.0,0.0
2025-06-24 00:00:00-04:00,INTC,21.34000015258789,22.690000534057617,21.329999923706055,22.549999237060547,130368700,0.0,0.0
2025-06-25 00:00:00-04:00,INTC,22.579999923706055,22.770000457763672,22.1299991607666,22.200000762939453,64975100,0.0,0.0
2025-06-26 00:00:00-04:00,INTC,22.399999618530273,22.6200008392334,22.209999084472656,22.5,63229300,0.0,0.0
2025-06-27 00:00:00-04:00,INTC,22.709999084472656,23.3799991607666,22.420000076293945,22.690000534057617,95542400,0.0,0.0
2025-06-30 00:00:00-04:00,INTC,22.969999313354492,22.969999313354492,22.270000457763672,22.399999618530273,77102400,0.0,0.0
2025-07-01 00:00:00-04:00,INTC,22.329999923706055,23.15999984741211,22.280000686645508,22.850000381469727,79094900,0.0,0.0
2025-07-02 00:00:00-04:00,INTC,22.530000686645508,22.770000457763672,21.520000457763672,21.8799991607666,138245300,0.0,0.0
2025-07-03 00:00:00-04:00,INTC,22.149999618530273,22.6299991607666,21.989999771118164,22.489999771118164,61176000,0.0,0.0
2025-07-07 00:00:00-04:00,INTC,22.209999084472656,22.389999389648438,21.860000610351562,22.0,80725200,0.0,0.0
2025-07-08 00:00:00-04:00,INTC,22.18000030517578,23.790000915527344,22.1299991607666,23.59000015258789,119545500,0.0,0.0
2025-07-09 00:00:00-04:00,INTC,23.290000915527344,23.530000686645508,23.1299991607666,23.440000534057617,70247700,0.0,0.0
2025-07-10 00:00:00-04:00,INTC,23.6299991607666,24.040000915527344,23.479999542236328,23.81999969482422,54599800,0.0,0.0
2025-07-11 00:00:00-04:00,INTC,23.559999465942383,23.65999984741211,23.15999984741211,23.43000030517578,49367900,0.0,0.0
2025-07-14 00:00:00-04:00,INTC,23.239999771118164,23.399999618530273,22.8799991607666,23.299999237060547,48420500,0.0,0.0
2025-07-15 00:00:00-04:00,INTC,23.56999969482422,23.780000686645508,22.899999618530273,22.920000076293945,66099400,0.0,0.0
2025-07-16 00:00:00-04:00,INTC,22.989999771118164,23.1299991607666,22.25,22.690000534057617,58865900,0.0,0.0
2025-07-17 00:00:00-04:00,INTC,22.65999984741211,23.049999237060547,22.59000015258789,22.799999237060547,49384000,0.0,0.0
2025-07-18 00:00:00-04:00,INTC,23.219999313354492,23.59000015258789,22.899999618530273,23.100000381469727,60195600,0.0,0.0
2025-07-21 00:00:00-04:00,INTC,23.399999618530273,23.829999923706055,23.15999984741211,23.260000228881836,61658000,0.0,0.0
2025-07-22 00:00:00-04:00,INTC,23.34000015258789,23.540000915527344,23.079999923706055,23.239999771118164,53969800,0.0,0.0
2025-07-23 00:00:00-04:00,INTC,23.260000228881836,23.6200008392334,22.920000076293945,23.489999771118164,68711700,0.0,0.0
2025-07-24 00:00:00-04:00,INTC,23.489999771118164,23.579999923706055,22.600000381469727,22.6299991607666,131963300,0.0,0.0
2025-07-25 00:00:00-04:00,INTC,20.68000030517578,21.049999237060547,20.360000610351562,20.700000762939453,245077700,0.0,0.0
2025-07-28 00:00:00-04:00,INTC,20.81999969482422,21.290000915527344,20.649999618530273,20.68000030517578,86105600,0.0,0.0
2025-07-29 00:00:00-04:00,INTC,20.690000534057617,20.850000381469727,20.34000015258789,20.40999984741211,100831500,0.0,0.0
2025-07-30 00:00:00-04:00,INTC,20.43000030517578,20.6200008392334,20.079999923706055,20.34000015258789,67420300,0.0,0.0
2025-07-31 00:00:00-04:00,INTC,20.170000076293945,20.229999542236328,19.65999984741211,19.799999237060547,90665200,0.0,0.0
2025-08-01 00:00:00-04:00,INTC,19.5,19.549999237060547,18.969999313354492,19.309999465942383,86496100,0.0,0.0
2025-08-04 00:00:00-04:00,INTC,19.520000457763672,19.59000015258789,19.350000381469727,19.5,69249400,0.0,0.0
2025-08-05 00:00:00-04:00,INTC,19.700000762939453,20.540000915527344,19.68000030517578,20.190000534057617,97338200,0.0,0.0
2025-08-06 00:00:00-04:00,INTC,20.1200008392334,20.479999542236328,19.8700008392334,20.40999984741211,67074200,0.0,0.0
2025-08-07 00:00:00-04:00,INTC,20.0,20.440000534057617,19.600000381469727,19.770000457763672,131382800,0.0,0.0
2025-08-08 00:00:00-04:00,INTC,20.0,20.020000457763672,19.610000610351562,19.950000762939453,75415000,0.0,0.0
2025-08-11 00:00:00-04:00,INTC,20.450000762939453,21.600000381469727,20.440000534057617,20.649999618530273,175545600,0.0,0.0
2025-08-12 00:00:00-04:00,INTC,21.200000762939453,21.860000610351562,20.760000228881836,21.809999465942383,134153600,0.0,0.0
2025-08-13 00:00:00-04:00,INTC,21.6200008392334,22.299999237060547,21.360000610351562,22.219999313354492,86024400,0.0,0.0
2025-08-14 00:00:00-04:00,INTC,21.989999771118164,24.200000762939453,21.899999618530273,23.860000610351562,188052500,0.0,0.0
2025-08-15 00:00:00-04:00,INTC,25.010000228881836,25.649999618530273,24.110000610351562,24.559999465942383,310161100,0.0,0.0
2025-08-18 00:00:00-04:00,INTC,24.0,24.899999618530273,23.209999084472656,23.65999984741211,212515600,0.0,0.0
2025-08-19 00:00:00-04:00,INTC,24.940000534057617,26.530000686645508,24.940000534057617,25.309999465942383,297659200,0.0,0.0
2025-08-20 00:00:00-04:00,INTC,24.899999618530273,24.93000030517578,23.329999923706055,23.540000915527344,161149400,0.0,0.0
2025-08-21 00:00:00-04:00,INTC,23.530000686645508,23.56999969482422,22.780000686645508,23.5,97718300,0.0,0.0
2025-08-22 00:00:00-04:00,INTC,23.649999618530273,25.229999542236328,23.649999618530273,24.799999237060547,200266800,0.0,0.0
2025-08-25 00:00:00-04:00,INTC,25.5,25.8799991607666,24.440000534057617,24.549999237060547,156825600,0.0,0.0
2025-08-26 00:00:00-04:00,INTC,24.579999923706055,24.739999771118164,24.100000381469727,24.350000381469727,78558200,0.0,0.0
2025-08-27 00:00:00-04:00,INTC,24.190000534057617,24.989999771118164,24.049999237060547,24.850000381469727,90934400,0.0,0.0
2025-08-28 00:00:00-04:00,INTC,24.959999084472656,25.139999389648438,24.610000610351562,24.93000030517578,60035100,0.0,0.0
2025-08-29 00:00:00-04:00,INTC,24.760000228881836,24.969999313354492,24.280000686645508,24.350000381469727,63734400,0.0,0.0
2025-09-02 00:00:00-04:00,INTC,23.8799991607666,24.239999771118164,23.68000030517578,24.209999084472656,57661800,0.0,0.0
2025-09-03 00:00:00-04:00,INTC,24.09000015258789,24.09000015258789,23.719999313354492,24.0,47822900,0.0,0.0
2025-09-04 00:00:00-04:00,INTC,23.850000381469727,24.639999389648438,23.75,24.610000610351562,59056500,0.0,0.0
2025-09-05 00:00:00-04:00,INTC,24.600000381469727,24.709999084472656,24.170000076293945,24.489999771118164,55975300,0.0,0.0
2025-09-08 00:00:00-04:00,INTC,24.479999542236328,24.739999771118164,24.1200008392334,24.479999542236328,51122100,0.0,0.0
2025-09-09 00:00:00-04:00,INTC,24.530000686645508,24.809999465942383,24.270000457763672,24.440000534057617,42146200,0.0,0.0
2025-09-10 00:00:00-04:00,INTC,24.420000076293945,24.8700008392334,24.280000686645508,24.770000457763672,61600700,0.0,0.0
2025-09-11 00:00:00-04:00,INTC,24.760000228881836,24.93000030517578,24.56999969482422,24.610000610351562,55536900,0.0,0.0
2025-09-12 00:00:00-04:00,INTC,24.610000610351562,24.6299991607666,24.049999237060547,24.079999923706055,52672800,0.0,0.0
2025-09-15 00:00:00-04:00,INTC,24.329999923706055,25.459999084472656,24.219999313354492,24.770000457763672,83951600,0.0,0.0
2025-09-16 00:00:00-04:00,INTC,24.81999969482422,25.34000015258789,24.690000534057617,25.270000457763672,60336600,0.0,0.0
2025-09-17 00:00:00-04:00,INTC,25.079999923706055,25.260000228881836,24.450000762939453,24.899999618530273,63093700,0.0,0.0
2025-09-18 00:00:00-04:00,INTC,31.780000686645508,32.380001068115234,30.15999984741211,30.56999969482422,523908000,0.0,0.0
2025-09-19 00:00:00-04:00,INTC,30.3799991607666,30.6299991607666,29.329999923706055,29.579999923706055,225702900,0.0,0.0
2025-09-22 00:00:00-04:00,INTC,29.670000076293945,30.100000381469727,28.729999542236328,28.760000228881836,130314500,0.0,0.0
2025-09-23 00:00:00-04:00,INTC,28.989999771118164,30.200000762939453,28.81999969482422,29.34000015258789,126317900,0.0,0.0
2025-09-24 00:00:00-04:00,INTC,29.3799991607666,31.700000762939453,29.229999542236328,31.219999313354492,164458500,0.0,0.0
2025-09-25 00:00:00-04:00,INTC,31.610000610351562,34.25,31.209999084472656,33.9900016784668,295709300,0.0,0.0
2025-09-26 00:00:00-04:00,INTC,35.02000045776367,36.29999923706055,34.4900016784668,35.5,268583300,0.0,0.0
2025-09-29 00:00:00-04:00,INTC,34.52000045776367,35.04999923706055,33.72999954223633,34.47999954223633,152605900,0.0,0.0
2025-09-30 00:00:00-04:00,INTC,33.93000030517578,34.2400016784668,33.02000045776367,33.54999923706055,124818400,0.0,0.0
2025-10-01 00:00:00-04:00,INTC,33.529998779296875,36.060001373291016,33.5,35.939998626708984,162649700,0.0,0.0
2025-10-02 00:00:00-04:00,INTC,35.7599983215332,37.56999969482422,35.439998626708984,37.29999923706055,149361700,0.0,0.0
2025-10-03 00:00:00-04:00,INTC,37.95000076293945,38.08000183105469,36.45000076293945,36.83000183105469,125359300,0.0,0.0
2025-10-06 00:00:00-04:00,INTC,37.189998626708984,38.68000030517578,36.43000030517578,36.59000015258789,112086100,0.0,0.0
2025-10-07 00:00:00-04:00,INTC,36.63999938964844,38.04999923706055,36.349998474121094,37.16999816894531,111140200,0.0,0.0
2025-10-08 00:00:00-04:00,INTC,36.54999923706055,37.790000915527344,35.90999984741211,37.43000030517578,103202100,0.0,0.0
2025-10-09 00:00:00-04:00,INTC,37.529998779296875,38.099998474121094,36.86000061035156,37.79999923706055,89884700,0.0,0.0
2025-10-10 00:00:00-04:00,INTC,38.459999084472656,39.650001525878906,36.29999923706055,36.369998931884766,183063300,0.0,0.0
2025-10-13 00:00:00-04:00,INTC,36.439998626708984,37.5099983215332,36.279998779296875,37.220001220703125,104020700,0.0,0.0
2025-10-14 00:00:00-04:00,INTC,36.0,36.54999923706055,34.689998626708984,35.630001068115234,117908300,0.0,0.0
2025-10-15 00:00:00-04:00,INTC,36.400001525878906,37.4900016784668,35.63999938964844,37.150001525878906,99242700,0.0,0.0
2025-10-16 00:00:00-04:00,INTC,37.150001525878906,38.02000045776367,36.40999984741211,36.84000015258789,83357800,0.0,0.0
2025-10-17 00:00:00-04:00,INTC,36.36000061035156,38.380001068115234,36.08000183105469,37.0099983215332,119394700,0.0,0.0
2025-10-20 00:00:00-04:00,INTC,37.56999969482422,38.52000045776367,37.560001373291016,38.099998474121094,80230200,0.0,0.0
2025-10-21 00:00:00-04:00,INTC,38.13999938964844,38.349998474121094,37.66999816894531,38.119998931884766,73134900,0.0,0.0
2025-10-22 00:00:00-04:00,INTC,37.84000015258789,37.93000030517578,36.040000915527344,36.91999816894531,87099900,0.0,0.0
2025-10-23 00:00:00-04:00,INTC,36.599998474121094,38.400001525878906,36.43000030517578,38.15999984741211,121974200,0.0,0.0
2025-10-24 00:00:00-04:00,INTC,40.02000045776367,41.119998931884766,37.83000183105469,38.279998779296875,246380000,0.0,0.0
2025-10-27 00:00:00-04:00,INTC,38.38999938964844,40.66999816894531,38.22999954223633,39.540000915527344,160007600,0.0,0.0
2025-10-28 00:00:00-04:00,INTC,39.59000015258789,42.47999954223633,39.540000915527344,41.529998779296875,181256400,0.0,0.0
2025-10-29 00:00:00-04:00,INTC,41.599998474121094,42.040000915527344,40.91999816894531,41.34000015258789,106962900,0.0,0.0
2025-10-30 00:00:00-04:00,INTC,40.970001220703125,41.43000030517578,40.11000061035156,40.15999984741211,84855500,0.0,0.0
2025-10-31 00:00:00-04:00,INTC,40.68000030517578,40.83000183105469,39.790000915527344,39.9900016784668,80471400,0.0,0.0
2025-11-03 00:00:00-05:00,INTC,40.25,40.45000076293945,39.04999923706055,39.5,61267500,0.0,0.0
2025-11-04 00:00:00-05:00,INTC,38.13999938964844,38.25,36.630001068115234,37.029998779296875,102250300,0.0,0.0
2025-11-05 00:00:00-05:00,INTC,37.41999816894531,38.689998626708984,37.11000061035156,38.380001068115234,74631600,0.0,0.0
2025-11-06 00:00:00-05:00,INTC,38.34000015258789,39.84000015258789,36.79999923706055,37.2400016784668,77629900,0.0,0.0
2025-11-07 00:00:00-05:00,INTC,37.2599983215332,38.27000045776367,36.970001220703125,38.130001068115234,95521400,0.0,0.0
2025-11-10 00:00:00-05:00,INTC,38.93000030517578,39.529998779296875,37.970001220703125,38.45000076293945,77820300,0.0,0.0
2025-11-11 00:00:00-05:00,INTC,38.150001525878906,38.220001220703125,37.4900016784668,37.880001068115234,53741900,0.0,0.0
2025-11-12 00:00:00-05:00,INTC,38.060001373291016,38.20000076293945,37.349998474121094,37.88999938964844,53876000,0.0,0.0
2025-11-13 00:00:00-05:00,INTC,37.27000045776367,37.310001373291016,35.45000076293945,35.90999984741211,95593200,0.0,0.0
2025-11-14 00:00:00-05:00,INTC,35.029998779296875,36.099998474121094,34.619998931884766,35.52000045776367,71716200,0.0,0.0
2025-11-17 00:00:00-05:00,INTC,35.45000076293945,35.72999954223633,34.22999954223633,34.709999084472656,72580100,0.0,0.0
2025-11-18 00:00:00-05:00,INTC,34.25,34.7599983215332,33.56999969482422,34.33000183105469,61504800,0.0,0.0
2025-11-19 00:00:00-05:00,INTC,34.33000183105469,35.75,34.25,35.11000061035156,67115500,0.0,0.0
2025-11-20 00:00:00-05:00,INTC,36.0,36.68000030517578,33.47999954223633,33.619998931884766,96389100,0.0,0.0
2025-11-21 00:00:00-05:00,INTC,33.5099983215332,34.97999954223633,32.88999938964844,34.5,105641700,0.0,0.0
2025-11-24 00:00:00-05:00,INTC,34.970001220703125,36.15999984741211,34.689998626708984,35.790000915527344,103804200,0.0,0.0
2025-11-25 00:00:00-05:00,INTC,35.54999923706055,36.130001068115234,34.68000030517578,35.83000183105469,62203300,0.0,0.0
2025-11-26 00:00:00-05:00,INTC,36.20000076293945,37.2400016784668,36.130001068115234,36.810001373291016,54563400,0.0,0.0
2025-11-28 00:00:00-05:00,INTC,37.400001525878906,40.59000015258789,37.34000015258789,40.560001373291016,95799500,0.0,0.0
2025-12-01 00:00:00-05:00,INTC,39.86000061035156,40.380001068115234,39.599998474121094,40.0099983215332,74534900,0.0,0.0
2025-12-02 00:00:00-05:00,INTC,40.470001220703125,43.68000030517578,40.04999923706055,43.470001220703125,167205800,0.0,0.0
2025-12-03 00:00:00-05:00,INTC,43.38999938964844,44.02000045776367,42.5099983215332,43.7599983215332,91957200,0.0,0.0
2025-12-04 00:00:00-05:00,INTC,43.2599983215332,43.279998779296875,40.13999938964844,40.5,107850200,0.0,0.0
2025-12-05 00:00:00-05:00,INTC,41.15999984741211,42.83000183105469,41.150001525878906,41.40999984741211,103042000,0.0,0.0
2025-12-08 00:00:00-05:00,INTC,41.939998626708984,42.119998931884766,39.70000076293945,40.29999923706055,93953600,0.0,0.0
2025-12-09 00:00:00-05:00,INTC,40.72999954223633,41.2599983215332,40.029998779296875,40.5,61877200,0.0,0.0
2025-12-10 00:00:00-05:00,INTC,40.11000061035156,40.9900016784668,38.88999938964844,40.779998779296875,75974900,0.0,0.0
2025-12-11 00:00:00-05:00,INTC,40.06999969482422,40.189998626708984,39.08000183105469,39.5099983215332,59096800,0.0,0.0
2025-12-12 00:00:00-05:00,INTC,39.25,40.029998779296875,37.619998931884766,37.810001373291016,87784500,0.0,0.0
2025-12-15 00:00:00-05:00,INTC,38.33000183105469,38.47999954223633,37.31999969482422,37.5099983215332,60706400,0.0,0.0
2025-12-16 00:00:00-05:00,INTC,37.560001373291016,37.959999084472656,36.91999816894531,37.30500030517578,16497286,0.0,0.0
2024-12-16 00:00:00-05:00,IBM,224.91865716169366,225.2111041117879,221.1656350713051,223.55392456054688,3610300,0.0,0.0
2024-12-17 00:00:00-05:00,IBM,223.45643375726092,224.40200378543534,221.88698385348923,223.20298767089844,3651300,0.0,0.0
2024-12-18 00:00:00-05:00,IBM,223.27120677673813,223.27120677673813,214.48814527847864,214.62461853027344,4152500,0.0,0.0
2024-12-19 00:00:00-05:00,IBM,218.76758851139502,220.50275491223803,217.36385504678722,218.28018188476562,4427200,0.0,0.0
2024-12-20 00:00:00-05:00,IBM,217.1201615688514,221.94548441617175,216.09660463166935,217.7342987060547,12423200,0.0,0.0
2024-12-23 00:00:00-05:00,IBM,217.19812663039025,218.10471064077313,215.51170395987586,216.3402862548828,2988100,0.0,0.0
2024-12-24 00:00:00-05:00,IBM,216.67174327648414,218.78708622485522,215.9601189008225,218.75784301757812,1186200,0.0,0.0
2024-12-26 00:00:00-05:00,IBM,217.68554704607033,219.72290319273648,216.94469432213808,219.2257537841797,3286500,0.0,0.0
2024-12-27 00:00:00-05:00,IBM,217.5198176255689,218.76757733604293,215.83339494843068,217.16888427734375,1810800,0.0,0.0
2024-12-30 00:00:00-05:00,IBM,214.98531076183835,216.00886766423727,212.1681010230179,214.70262145996094,2095600,0.0,0.0
2024-12-31 00:00:00-05:00,IBM,215.160780825711,215.48247098179542,212.93820781500926,214.29319763183594,2270200,0.0,0.0
2025-01-02 00:00:00-05:00,IBM,216.23309013801105,216.88621325438575,212.11937688307876,214.4004364013672,2579500,0.0,0.0
2025-01-03 00:00:00-05:00,IBM,214.99506117280106,218.026730917612,214.99506117280106,217.0421600341797,3872100,0.0,0.0
2025-01-06 00:00:00-05:00,IBM,217.3833509183678,218.6993547324596,215.19002114452775,217.06166076660156,2846700,0.0,0.0
2025-01-07 00:00:00-05:00,IBM,217.72453145126622,220.99990435734847,217.21762442874416,218.3191680908203,3299300,0.0,0.0
2025-01-08 00:00:00-05:00,IBM,218.27043173350418,219.2354873019685,215.26800522995777,217.55880737304688,2619800,0.0,0.0
2025-01-10 00:00:00-05:00,IBM,216.408524340737,216.82768686525569,211.3394988175594,214.21519470214844,3570300,0.0,0.0
2025-01-13 00:00:00-05:00,IBM,212.4020565432219,214.05923607847046,209.34114356064345,211.9243927001953,3716800,0.0,0.0
2025-01-14 00:00:00-05:00,IBM,212.50928252928566,212.63601300805533,209.20466629961177,212.2655792236328,3485500,0.0,0.0
2025-01-15 00:00:00-05:00,IBM,215.30698342648435,216.0965797264757,212.51901712220666,214.48814392089844,2951600,0.0,0.0
2025-01-16 00:00:00-05:00,IBM,214.15672906544395,217.0714112149066,211.90491279797615,217.0519256591797,3329100,0.0,0.0
2025-01-17 00:00:00-05:00,IBM,220.26879464227238,220.26879464227238,218.00722090496046,219.1282501220703,5506800,0.0,0.0
2025-01-21 00:00:00-05:00,IBM,219.32322712851484,221.72125926978123,217.21762704754755,218.61160278320312,3982200,0.0,0.0
2025-01-22 00:00:00-05:00,IBM,216.38903530713407,218.74808152437,214.80009986659107,217.6367950439453,4759500,0.0,0.0
2025-01-23 00:00:00-05:00,IBM,218.2996724258055,220.34677124023438,217.52956166091366,220.34677124023438,3619700,0.0,0.0
2025-01-24 00:00:00-05:00,IBM,219.5961944430348,221.09740036787494,218.16321771390668,219.13803100585938,3232900,0.0,0.0
2025-01-27 00:00:00-05:00,IBM,216.59375375445197,218.65061026283942,214.30293671627064,218.48489379882812,4898400,0.0,0.0
2025-01-28 00:00:00-05:00,IBM,218.6701179353488,220.08359418947418,216.1843411439035,219.9763641357422,4485400,0.0,0.0
2025-01-29 00:00:00-05:00,IBM,219.9373391404188,223.69037573472326,218.09494287354366,222.8715362548828,7079800,0.0,0.0
2025-01-30 00:00:00-05:00,IBM,243.70330477723536,255.20608886314545,240.7886078972907,251.76499938964844,15381900,0.0,0.0
2025-01-31 00:00:00-05:00,IBM,249.60092608630552,250.7609562584613,245.54571418441472,249.25975036621094,7199800,0.0,0.0
2025-02-03 00:00:00-05:00,IBM,246.0428596053802,255.45955921829147,245.49696656251052,254.16307067871094,8408500,0.0,0.0
2025-02-04 00:00:00-05:00,IBM,253.45144403446872,258.5692135774724,251.61879037161995,257.7991027832031,6077700,0.0,0.0
2025-02-05 00:00:00-05:00,IBM,259.0176078323982,259.02736548408814,254.60170521288555,256.6683044433594,6165100,0.0,0.0
2025-02-06 00:00:00-05:00,IBM,256.3563978276939,256.7463171758269,246.36454719400194,247.05667114257812,6128300,0.0,0.0
2025-02-07 00:00:00-05:00,IBM,248.8503129340553,250.45874876703417,245.6724272513983,245.98435974121094,3370300,0.0,0.0
2025-02-10 00:00:00-05:00,IBM,246.17082541890184,247.2404471104799,242.25540269990174,244.6105499267578,3564400,1.67,0.0
2025-02-11 00:00:00-05:00,IBM,246.4063427842741,251.9507246996304,245.896058642917,249.9390411376953,4801600,0.0,0.0
2025-02-12 00:00:00-05:00,IBM,247.9960529645549,251.60725767381422,247.30914065285506,251.02828979492188,3075300,0.0,0.0
2025-02-13 00:00:00-05:00,IBM,250.88110860572556,254.43343738276656,249.65447408618755,254.34512329101562,4531500,0.0,0.0
2025-02-14 00:00:00-05:00,IBM,254.15867692375616,257.0437237602829,253.08905519753986,256.39605712890625,3925300,0.0,0.0
2025-02-18 00:00:00-05:00,IBM,257.033913279058,259.0259666703634,254.9731611628822,258.1526184082031,4262800,0.0,0.0
2025-02-19 00:00:00-05:00,IBM,257.10260103694185,259.4184726869258,255.22829985557388,259.3792419433594,3718700,0.0,0.0
2025-02-20 00:00:00-05:00,IBM,258.7217600739739,260.1348455083613,257.24979857541484,259.7913818359375,4884800,0.0,0.0
2025-02-21 00:00:00-05:00,IBM,258.9180098366856,259.8796720947036,256.21941400352296,256.5923156738281,5667900,0.0,0.0
2025-02-24 00:00:00-05:00,IBM,256.6119575720934,258.91803660279896,254.72783365524586,256.97503662109375,4398100,0.0,0.0
2025-02-25 00:00:00-05:00,IBM,256.19979398531945,258.5549563572631,251.9703603121899,252.9320526123047,6292200,0.0,0.0
2025-02-26 00:00:00-05:00,IBM,253.27548868044573,253.50117025437893,249.6544613674732,251.05772399902344,3460100,0.0,0.0
2025-02-27 00:00:00-05:00,IBM,250.44932852347077,252.81428344874107,248.3198928142391,248.49652099609375,3402200,0.0,0.0
2025-02-28 00:00:00-05:00,IBM,246.17081521662544,248.08436196481475,241.93155936811516,247.72128295898438,7988800,0.0,0.0
2025-03-03 00:00:00-05:00,IBM,249.97830402606652,251.20493852906753,243.6096122960016,245.5133514404297,2977700,0.0,0.0
2025-03-04 00:00:00-05:00,IBM,244.10027480101536,250.70447100805836,243.4624308261377,248.47691345214844,5342100,0.0,0.0
2025-03-05 00:00:00-05:00,IBM,246.8773689197021,248.0156893344984,242.39278598013863,246.65167236328125,4009800,0.0,0.0
2025-03-06 00:00:00-05:00,IBM,245.08158078758396,247.38765970934602,242.1867262714929,244.04139709472656,3254400,0.0,0.0
2025-03-07 00:00:00-05:00,IBM,241.3526167515383,257.06334704772837,240.5970056583313,256.6512145996094,6700200,0.0,0.0
2025-03-10 00:00:00-04:00,IBM,256.6708126445373,261.4694211679105,249.98811030554523,252.09791564941406,8165500,0.0,0.0
2025-03-11 00:00:00-04:00,IBM,251.20493793768642,251.90167292211967,241.26428715722724,244.29652404785156,5630600,0.0,0.0
2025-03-12 00:00:00-04:00,IBM,245.6703640822629,248.39839801718404,240.94045425461792,244.9638214111328,3848800,0.0,0.0
2025-03-13 00:00:00-04:00,IBM,244.14933665184572,244.61055242697716,238.49699522846984,241.20541381835938,3862400,0.0,0.0
2025-03-14 00:00:00-04:00,IBM,238.2124198644791,244.29652398885872,237.16241354532414,243.70774841308594,4045200,0.0,0.0
2025-03-17 00:00:00-04:00,IBM,244.59092843671996,249.870368313475,244.34560152755574,248.24139404296875,3233900,0.0,0.0
2025-03-18 00:00:00-04:00,IBM,247.78997592452805,247.84886695814237,240.53811338174188,242.3339080810547,4171900,0.0,0.0
2025-03-19 00:00:00-04:00,IBM,243.68812682975238,248.91849832184664,242.02971453060465,247.5740966796875,3853600,0.0,0.0
2025-03-20 00:00:00-04:00,IBM,239.67457549424495,242.18672057417712,232.78579189561802,238.7717742919922,7026800,0.0,0.0
2025-03-21 00:00:00-04:00,IBM,237.17223429795905,240.62644121427667,234.04186068381802,239.3114776611328,9580100,0.0,0.0
2025-03-24 00:00:00-04:00,IBM,242.68717239748358,244.16895640916832,241.3722238492001,243.8058624267578,4753300,0.0,0.0
2025-03-25 00:00:00-04:00,IBM,243.71755267146966,246.2100673516796,243.5605398640452,245.228759765625,3133800,0.0,0.0
2025-03-26 00:00:00-04:00,IBM,246.55354653174925,249.56616819807593,244.86569617949735,245.66055297851562,4450100,0.0,0.0
2025-03-27 00:00:00-04:00,IBM,245.04231878909675,245.62128665913272,241.1367038971255,241.6077423095703,2889300,0.0,0.0
2025-03-28 00:00:00-04:00,IBM,241.66661345891058,242.94231626296371,237.5451247619091,239.4390411376953,3125300,0.0,0.0
2025-03-31 00:00:00-04:00,IBM,238.20262342211853,246.20027474898853,237.9572965105757,244.011962890625,6795000,0.0,0.0
2025-04-01 00:00:00-04:00,IBM,243.393734707666,245.93531792203885,238.93860457462569,245.66055297851562,4412900,0.0,0.0
2025-04-02 00:00:00-04:00,IBM,243.5801702739142,248.06473815713665,242.60867037297513,245.30726623535156,4080800,0.0,0.0
2025-04-03 00:00:00-04:00,IBM,238.17317988437958,245.92550412048357,237.99653672589798,238.9385986328125,5309600,0.0,0.0
2025-04-04 00:00:00-04:00,IBM,233.55120417860618,235.6708321463198,222.63906867407104,223.22784423828125,7407100,0.0,0.0
2025-04-07 00:00:00-04:00,IBM,215.14188615620486,227.9479385086451,210.4904826867688,221.55963134765625,7797900,0.0,0.0
2025-04-08 00:00:00-04:00,IBM,228.21289791186288,228.69374403656894,213.21851866297897,216.89842224121094,6850000,0.0,0.0
2025-04-09 00:00:00-04:00,IBM,213.06149652650825,231.88298365727303,211.13814205898112,230.91148376464844,7302800,0.0,0.0
2025-04-10 00:00:00-04:00,IBM,226.68204825260443,228.2227083219789,217.86991048282871,225.2591552734375,5656100,0.0,0.0
2025-04-11 00:00:00-04:00,IBM,225.42598175297263,233.13906004285636,223.25728538127302,231.07830810546875,4325900,0.0,0.0
2025-04-14 00:00:00-04:00,IBM,235.28813515368142,237.2507504179854,232.30495156674232,234.59140014648438,3321500,0.0,0.0
2025-04-15 00:00:00-04:00,IBM,235.0722316527732,237.01521645096167,233.8161591596448,236.2007293701172,3363700,0.0,0.0
2025-04-16 00:00:00-04:00,IBM,235.788592824062,238.7521460176022,231.48065298786085,234.11056518554688,4869900,0.0,0.0
2025-04-17 00:00:00-04:00,IBM,235.19978685577405,237.2605387042224,232.96240683529211,234.34605407714844,4635200,0.0,0.0
2025-04-21 00:00:00-04:00,IBM,233.61989885908204,236.3086720003279,228.5759636074364,231.80447387695312,4908900,0.0,0.0
2025-04-22 00:00:00-04:00,IBM,234.0418557335614,238.10446847942777,233.5708322919789,236.39698791503906,4232700,0.0,0.0
2025-04-23 00:00:00-04:00,IBM,241.40167208931354,244.67923591345573,239.10541587529048,240.89138793945312,7948300,0.0,0.0
2025-04-24 00:00:00-04:00,IBM,226.85868400342426,228.4287821543921,220.2446803560125,225.04327392578125,15428100,0.0,0.0
2025-04-25 00:00:00-04:00,IBM,224.67037343995506,228.99794357685997,222.08954461772916,228.06570434570312,6700100,0.0,0.0
2025-04-28 00:00:00-04:00,IBM,228.5072874071847,232.2068212367627,227.73206099470107,231.74560546875,3653500,0.0,0.0
2025-04-29 00:00:00-04:00,IBM,232.56991274527343,235.49420534584326,231.72598756843655,234.9152374267578,3426500,0.0,0.0
2025-04-30 00:00:00-04:00,IBM,232.30495269447732,237.93766392085783,229.95962804119122,237.29981994628906,5143000,0.0,0.0
2025-05-01 00:00:00-04:00,IBM,236.92690205767803,237.83951091031693,233.50213324845674,235.18017578125,4243300,0.0,0.0
2025-05-02 00:00:00-04:00,IBM,238.5853204241407,241.09746547220456,236.8189637579815,240.9600830078125,3731900,0.0,0.0
2025-05-05 00:00:00-04:00,IBM,239.18393103894263,245.1306529782408,239.085794284911,244.52223205566406,4137800,0.0,0.0
2025-05-06 00:00:00-04:00,IBM,243.12875425712383,245.51333940027013,241.50960278199318,244.4633331298828,2900600,0.0,0.0
2025-05-07 00:00:00-04:00,IBM,244.78717197085123,249.71334019763324,244.17876606494315,248.63389587402344,3399700,0.0,0.0
2025-05-08 00:00:00-04:00,IBM,250.2334362373966,251.72501299792287,248.5161479494929,249.38951110839844,3637000,0.0,0.0
2025-05-09 00:00:00-04:00,IBM,249.43889940527478,249.9229453186102,244.62813449075006,246.16915893554688,2901300,1.68,0.0
2025-05-12 00:00:00-04:00,IBM,249.42902392590614,250.72308892545212,241.67449180625343,250.60455322265625,4609500,0.0,0.0
2025-05-13 00:00:00-04:00,IBM,251.3355528678734,256.42291127883124,249.8044164055905,255.44496154785156,3521400,0.0,0.0
2025-05-14 00:00:00-04:00,IBM,254.46700066935375,257.3811038322356,253.10377980321277,254.684326171875,3634700,0.0,0.0
2025-05-15 00:00:00-04:00,IBM,255.85985558159942,264.1774322395114,255.46469637943667,263.4365539550781,4856300,0.0,0.0
2025-05-16 00:00:00-04:00,IBM,263.1106078785508,264.72078833935063,261.37200367846,263.515625,3817900,0.0,0.0
2025-05-19 00:00:00-04:00,IBM,262.22151680333724,265.86664015122733,261.8559915490808,265.1455078125,3198600,0.0,0.0
2025-05-20 00:00:00-04:00,IBM,264.1478170197581,266.0049568743448,262.3894669727079,263.70330810546875,2437900,0.0,0.0
2025-05-21 00:00:00-04:00,IBM,261.74737600739354,262.41909845812387,257.2428381726827,257.6972351074219,3753900,0.0,0.0
2025-05-22 00:00:00-04:00,IBM,257.59841974799974,258.09233858567416,254.7732184667806,255.2276153564453,3091300,0.0,0.0
2025-05-23 00:00:00-04:00,IBM,255.43505658039288,256.70937564131225,252.67899605788574,255.48446655273438,2722600,0.0,0.0
2025-05-27 00:00:00-04:00,IBM,257.82564496683733,260.5817206471342,256.4723121136179,260.0285339355469,3284200,0.0,0.0
2025-05-28 00:00:00-04:00,IBM,259.95935881292235,261.7769764659086,256.77852038359333,257.0748596191406,2318400,0.0,0.0
2025-05-29 00:00:00-04:00,IBM,257.578690277552,257.9540734415555,253.6470852261669,255.5437469482422,2295000,0.0,0.0
2025-05-30 00:00:00-04:00,IBM,255.60299819658147,256.9563309867952,253.97307206345116,255.9092254638672,9668900,0.0,0.0
2025-06-02 00:00:00-04:00,IBM,254.71396249634415,260.7694125520493,254.09161990842583,260.69036865234375,2831900,0.0,0.0
2025-06-03 00:00:00-04:00,IBM,260.1470730220382,262.3301859710324,259.3864186739014,261.9745788574219,2494700,0.0,0.0
2025-06-04 00:00:00-04:00,IBM,261.6781948771188,263.75266003023484,261.56954720281556,262.2906494140625,2588600,0.0,0.0
2025-06-05 00:00:00-04:00,IBM,261.9745956695996,264.2564985676203,261.87580586067395,263.6143798828125,2658400,0.0,0.0
2025-06-06 00:00:00-04:00,IBM,264.7306429789499,266.88415229913875,264.27624603091033,265.5999450683594,2495200,0.0,0.0
2025-06-09 00:00:00-04:00,IBM,264.83929918524916,270.1439829267147,263.46619028197193,268.7708740234375,4331500,0.0,0.0
2025-06-10 00:00:00-04:00,IBM,269.867386582122,274.09533077781504,269.2450440009909,272.8802795410156,5163500,0.0,0.0
2025-06-11 00:00:00-04:00,IBM,273.33471434685345,278.3232828685397,271.7640258135324,278.0960693359375,4656000,0.0,0.0
2025-06-12 00:00:00-04:00,IBM,278.1059488835743,279.6173393718065,276.42661272046536,277.6120300292969,3418000,0.0,0.0
2025-06-13 00:00:00-04:00,IBM,274.826307793856,276.4364880080402,272.47524933239055,273.8483581542969,3243800,0.0,0.0
2025-06-16 00:00:00-04:00,IBM,275.9129425904824,281.0398226097333,275.2807421454568,278.40228271484375,3685300,0.0,0.0
2025-06-17 00:00:00-04:00,IBM,277.7305667685942,281.32631051144756,277.5823971410403,279.6074523925781,3069600,0.0,0.0
2025-06-18 00:00:00-04:00,IBM,281.53374083063716,283.42051443061564,279.4987976068727,279.7655029296875,3534100,0.0,0.0
2025-06-20 00:00:00-04:00,IBM,275.88331673708245,280.6644476756708,273.82862754761885,277.5527648925781,7677000,0.0,0.0
2025-06-23 00:00:00-04:00,IBM,278.22448605322154,286.0580318882552,276.80199733368374,285.66290283203125,3786200,0.0,0.0
2025-06-24 00:00:00-04:00,IBM,286.92734135583885,290.7601566082804,284.9022860485594,290.21685791015625,4219100,0.0,0.0
2025-06-25 00:00:00-04:00,IBM,290.908295382981,292.5579974972778,285.97899523289965,287.52001953125,3862300,0.0,0.0
2025-06-26 00:00:00-04:00,IBM,288.25103184062596,289.3475473753225,286.6408816956371,288.37945556640625,3621100,0.0,0.0
2025-06-27 00:00:00-04:00,IBM,289.4068237804361,289.5549934120951,285.0109337805897,286.1766052246094,3562500,0.0,0.0
2025-06-30 00:00:00-04:00,IBM,287.391612556915,291.22442762608136,286.47293073830735,291.1947937011719,3495400,0.0,0.0
2025-07-01 00:00:00-04:00,IBM,290.96758795304584,291.5207746637448,286.5519521450779,287.6583557128906,3272800,0.0,0.0
2025-07-02 00:00:00-04:00,IBM,286.472944492805,286.66063607504805,283.4106414706678,284.1515197753906,3257500,0.0,0.0
2025-07-03 00:00:00-04:00,IBM,284.43799108622886,288.76472505598554,284.3984691370472,288.4189758300781,1853300,0.0,0.0
2025-07-07 00:00:00-04:00,IBM,288.94253675814986,291.6294565964241,286.82854954030665,288.91290283203125,4488100,0.0,0.0
2025-07-08 00:00:00-04:00,IBM,289.5352149925097,292.01466694091164,285.9691054768761,286.8878173828125,2925300,0.0,0.0
2025-07-09 00:00:00-04:00,IBM,287.8460643110971,288.05350180327105,285.1196223997164,286.61126708984375,2971300,0.0,0.0
2025-07-10 00:00:00-04:00,IBM,285.38632683497354,285.38632683497354,278.7776897162271,283.9342041015625,3487800,0.0,0.0
2025-07-11 00:00:00-04:00,IBM,281.5436425063615,283.93419294312974,279.47906525772885,280.1408996582031,3790700,0.0,0.0
2025-07-14 00:00:00-04:00,IBM,279.39012455772666,281.4645897654082,278.28375115267363,280.3384704589844,2857100,0.0,0.0
2025-07-15 00:00:00-04:00,IBM,280.3187127688014,280.6940959443306,277.31570765739974,279.2617492675781,2864100,0.0,0.0
2025-07-16 00:00:00-04:00,IBM,279.31113355174386,280.41750704689525,276.4661559091164,278.4912414550781,2804800,0.0,0.0
2025-07-17 00:00:00-04:00,IBM,278.07630211579885,280.01245549415296,277.48359348875607,278.5702209472656,3337200,0.0,0.0
2025-07-18 00:00:00-04:00,IBM,279.93345173733655,283.6674770306492,278.787556389863,282.3931579589844,4478200,0.0,0.0
2025-07-21 00:00:00-04:00,IBM,282.8080538120853,284.23054246269726,280.9212802526429,281.24725341796875,3051800,0.0,0.0
2025-07-22 00:00:00-04:00,IBM,281.2769190157622,281.41523077484163,277.82937482039966,278.5307312011719,4824200,0.0,0.0
2025-07-23 00:00:00-04:00,IBM,280.8422659480008,284.5762915126852,278.0170643961252,278.58013916015625,8105900,0.0,0.0
2025-07-24 00:00:00-04:00,IBM,258.0726040345851,258.8628621510533,249.6759834248474,257.34161376953125,22647700,0.0,0.0
2025-07-25 00:00:00-04:00,IBM,256.8575575242552,257.62806975326527,253.23220991142637,256.56121826171875,7758700,0.0,0.0
2025-07-28 00:00:00-04:00,IBM,257.13414715436085,260.7891587868332,256.45253671400025,260.0087585449219,5192500,0.0,0.0
2025-07-29 00:00:00-04:00,IBM,261.08550351823766,262.567260133316,257.8453969257896,259.218505859375,4627300,0.0,0.0
2025-07-30 00:00:00-04:00,IBM,258.4183645105571,258.8134935859853,255.75119049518855,257.09466552734375,3718300,0.0,0.0
2025-07-31 00:00:00-04:00,IBM,256.4130372105987,256.82791215967245,249.15242413766825,250.07110595703125,6739100,0.0,0.0
2025-08-01 00:00:00-04:00,IBM,248.35227945326832,248.42142025411118,242.6228177860393,247.00881958007812,9683400,0.0,0.0
2025-08-04 00:00:00-04:00,IBM,247.99666239465796,249.0141340394742,245.09241708879122,248.91534423828125,5280600,0.0,0.0
2025-08-05 00:00:00-04:00,IBM,248.93510281801537,249.72537600033306,245.97158968922946,247.62127685546875,5823000,0.0,0.0
2025-08-06 00:00:00-04:00,IBM,248.47082214456654,251.22689784254075,246.24818725990687,249.21170043945312,3692100,0.0,0.0
2025-08-07 00:00:00-04:00,IBM,249.73525665770802,251.8986237201947,245.8530615743365,247.11749267578125,6251300,0.0,0.0
2025-08-08 00:00:00-04:00,IBM,247.51529898435518,248.11199984584184,240.32493296124377,240.94154357910156,6828400,1.68,0.0
2025-08-11 00:00:00-04:00,IBM,240.91170341367055,241.81670197443376,233.41303985224644,235.0042724609375,9382000,0.0,0.0
2025-08-12 00:00:00-04:00,IBM,235.23300976546798,236.65517639199956,232.08039397009134,233.482666015625,8792800,0.0,0.0
2025-08-13 00:00:00-04:00,IBM,234.9048266286662,239.51938321742568,234.9048266286662,238.7536163330078,5663600,0.0,0.0
2025-08-14 00:00:00-04:00,IBM,236.9435780196729,237.68946546359632,234.3279945269434,235.80982971191406,4556700,0.0,0.0
2025-08-15 00:00:00-04:00,IBM,236.3070869714194,239.3005764368598,235.47169667991776,238.405517578125,4344300,0.0,0.0
2025-08-18 00:00:00-04:00,IBM,238.25634571756657,240.09619229601992,237.8088011139115,238.13699340820312,3569600,0.0,0.0
2025-08-19 00:00:00-04:00,IBM,238.68399014806363,241.49847401957388,238.17679213204198,239.95697021484375,3328300,0.0,0.0
2025-08-20 00:00:00-04:00,IBM,240.7824114943881,241.5481935154394,239.0221128863004,241.22000122070312,3240100,0.0,0.0
2025-08-21 00:00:00-04:00,IBM,240.88186937305986,241.17027250642764,237.34137757390693,238.08726501464844,2991900,0.0,0.0
2025-08-22 00:00:00-04:00,IBM,239.41993911954913,242.34380526648434,238.902786222591,240.7625274658203,3134900,0.0,0.0
2025-08-25 00:00:00-04:00,IBM,241.23990801557179,241.23990801557179,238.1171112060547,238.1171112060547,3513300,0.0,0.0
2025-08-26 00:00:00-04:00,IBM,239.6984034176392,243.63668079090112,239.06191337877266,241.29957580566406,5386600,0.0,0.0
2025-08-27 00:00:00-04:00,IBM,241.53823764104877,244.6113054154039,240.67301306993454,243.4974365234375,3698400,0.0,0.0
2025-08-28 00:00:00-04:00,IBM,244.08421033398557,244.5317549596295,242.02556879152556,244.382568359375,2820800,0.0,0.0
2025-08-29 00:00:00-04:00,IBM,243.88531068681337,244.11406043945104,240.3945627533518,242.1548614501953,2967600,0.0,0.0
2025-09-02 00:00:00-04:00,IBM,239.57904994354524,240.22549485770298,236.94358694578057,240.17576599121094,3469500,0.0,0.0
2025-09-03 00:00:00-04:00,IBM,238.70387562813397,242.91067654506017,238.09721990263387,242.76150512695312,3163200,0.0,0.0
2025-09-04 00:00:00-04:00,IBM,244.07427165738468,247.91310648990742,241.51837178689735,245.82461547851562,4765100,0.0,0.0
2025-09-05 00:00:00-04:00,IBM,246.8688477998366,247.66446410335772,244.10409290581785,247.16720581054688,3147500,0.0,0.0
2025-09-08 00:00:00-04:00,IBM,247.26667492572852,255.73994569933183,245.66550254213925,254.68576049804688,6940300,0.0,0.0
2025-09-09 00:00:00-04:00,IBM,254.7155835816965,259.23069738785034,253.48239272504387,257.6891784667969,4931100,0.0,0.0
2025-09-10 00:00:00-04:00,IBM,258.22623567269505,258.6538705374896,253.16414969226824,255.471435546875,5185400,0.0,0.0
2025-09-11 00:00:00-04:00,IBM,256.14769526118965,257.1322569915436,254.2581197750582,255.60072326660156,3576000,0.0,0.0
2025-09-12 00:00:00-04:00,IBM,255.54105599442306,255.8393988383958,251.04582147697775,252.05029296875,3433300,0.0,0.0
2025-09-15 00:00:00-04:00,IBM,252.62711747230148,257.62951970970994,252.607222890757,254.83493041992188,4028400,0.0,0.0
2025-09-16 00:00:00-04:00,IBM,254.85483984783056,256.58528906198615,253.01497802288097,256.10791015625,2719900,0.0,0.0
2025-09-17 00:00:00-04:00,IBM,256.08803982504105,259.5290589688948,255.60073637395558,257.65936279296875,3974800,0.0,0.0
2025-09-18 00:00:00-04:00,IBM,257.44055887445245,263.7756552673209,255.3918570558066,263.5469055175781,4988400,0.0,0.0
2025-09-19 00:00:00-04:00,IBM,264.59112211376805,266.4011495607343,262.1943638809815,264.939208984375,9858100,0.0,0.0
2025-09-22 00:00:00-04:00,IBM,265.1580042782061,270.81680601600624,264.5414088579586,269.8819580078125,5030500,0.0,0.0
2025-09-23 00:00:00-04:00,IBM,271.2046918759026,271.80137756212736,267.79347683504665,270.7471923828125,5394100,0.0,0.0
2025-09-24 00:00:00-04:00,IBM,271.12510453692653,272.14945539787396,265.83426905988824,266.0630187988281,3159900,0.0,0.0
2025-09-25 00:00:00-04:00,IBM,271.4433677912188,282.6714688918742,269.66317454925183,279.8967590332031,11506200,0.0,0.0
2025-09-26 00:00:00-04:00,IBM,278.97185620750815,287.26612086169695,278.57402529440606,282.7510070800781,9063900,0.0,0.0
2025-09-29 00:00:00-04:00,IBM,284.43176245238305,284.43176245238305,278.12653052116667,278.2657470703125,6022100,0.0,0.0
2025-09-30 00:00:00-04:00,IBM,279.33984337980786,284.4516432129359,278.9818016012842,280.6128234863281,5926900,0.0,0.0
2025-10-01 00:00:00-04:00,IBM,278.66357946177544,285.0185251185713,278.61383541877615,284.9190673828125,4381300,0.0,0.0
2025-10-02 00:00:00-04:00,IBM,284.2229034903291,286.9578241006679,281.23935373359586,285.1477966308594,3814200,0.0,0.0
2025-10-03 00:00:00-04:00,IBM,285.9235327073686,291.71162681005865,285.7246172401722,286.78875732421875,4375100,0.0,0.0
2025-10-06 00:00:00-04:00,IBM,287.0274214440392,289.85187529709646,286.2218654258165,287.8330078125,2881900,0.0,0.0
2025-10-07 00:00:00-04:00,IBM,293.9293866614242,299.38930376184527,291.68179964845746,292.25860595703125,7190100,0.0,0.0
2025-10-08 00:00:00-04:00,IBM,292.54701246910076,292.58680163195237,284.89917723621295,287.8727722167969,5297000,0.0,0.0
2025-10-09 00:00:00-04:00,IBM,288.2308139156137,288.53911163960544,281.76645588957985,286.6495361328125,4912400,0.0,0.0
2025-10-10 00:00:00-04:00,IBM,287.3854540104069,288.79768089176616,275.97834775582334,276.2966003417969,4508500,0.0,0.0
2025-10-13 00:00:00-04:00,IBM,278.2558050556195,280.89126794757027,273.13405069008536,275.69989013671875,4333800,0.0,0.0
2025-10-14 00:00:00-04:00,IBM,274.00919189817495,276.00817989740506,271.0554764986687,274.6357421875,3058100,0.0,0.0
2025-10-15 00:00:00-04:00,IBM,276.8535412406003,283.8847810206661,275.4811034504049,279.2105407714844,3346800,0.0,0.0
2025-10-16 00:00:00-04:00,IBM,279.5685563064361,281.0106175652685,274.08879029339886,274.4567565917969,2956900,0.0,0.0
2025-10-17 00:00:00-04:00,IBM,274.6357651416382,281.8460108098791,273.84016396661775,279.7376403808594,5309600,0.0,0.0
2025-10-20 00:00:00-04:00,IBM,279.70780117644114,283.9344968386629,279.41938285671677,282.0946350097656,3494300,0.0,0.0
2025-10-21 00:00:00-04:00,IBM,281.7564880460168,283.74552119326916,280.05587320318244,280.5033874511719,4081000,0.0,0.0
2025-10-22 00:00:00-04:00,IBM,280.4437207329408,287.58437284481516,279.80724590374894,285.9334716796875,10538500,0.0,0.0
2025-10-23 00:00:00-04:00,IBM,263.4971800499514,284.01403160417743,262.1147874354336,283.4372253417969,16676400,0.0,0.0
2025-10-24 00:00:00-04:00,IBM,282.21397668305815,309.0460466206491,280.66253314895914,305.7740783691406,16914200,0.0,0.0
2025-10-27 00:00:00-04:00,IBM,306.11219813712256,311.7809549119811,301.21919344851284,311.3731994628906,9868200,0.0,0.0
2025-10-28 00:00:00-04:00,IBM,310.88591338729543,317.5989008293665,309.7024361361556,310.8560791015625,6044800,0.0,0.0
2025-10-29 00:00:00-04:00,IBM,311.0748616050506,312.6063953454002,305.83373960129563,306.51995849609375,4135900,0.0,0.0
2025-10-30 00:00:00-04:00,IBM,304.96852731552923,312.02960166223653,303.3474603058352,308.3598327636719,4694300,0.0,0.0
2025-10-31 00:00:00-04:00,IBM,310.2891929892067,311.78096795550096,299.9760602449307,305.724365234375,7697500,0.0,0.0
2025-11-03 00:00:00-05:00,IBM,306.31110983814057,310.4284230904427,302.5617932184801,303.0590515136719,4958000,0.0,0.0
2025-11-04 00:00:00-05:00,IBM,298.35497222479484,301.5076031187412,294.3769059284642,299.2003173828125,5677300,0.0,0.0
2025-11-05 00:00:00-05:00,IBM,299.7274311756871,305.5155253307392,298.0665750252654,305.0878601074219,4650400,0.0,0.0
2025-11-06 00:00:00-05:00,IBM,305.0679563831719,313.7103077630075,299.43898898196255,310.7068786621094,6818500,0.0,0.0
2025-11-07 00:00:00-05:00,IBM,307.9819049701873,308.30015757819643,300.97057481697243,304.70001220703125,5070800,0.0,0.0
2025-11-10 00:00:00-05:00,IBM,306.82000732421875,309.94000244140625,304.2300109863281,309.1300048828125,2975200,1.68,0.0
2025-11-11 00:00:00-05:00,IBM,309.0,317.9100036621094,308.42999267578125,313.7200012207031,4381900,0.0,0.0
2025-11-12 00:00:00-05:00,IBM,319.8900146484375,324.8999938964844,314.5299987792969,314.9800109863281,6042700,0.0,0.0
2025-11-13 00:00:00-05:00,IBM,312.2900085449219,314.6000061035156,303.67999267578125,304.8599853515625,5310200,0.0,0.0
2025-11-14 00:00:00-05:00,IBM,300.0,307.7200012207031,297.5899963378906,305.69000244140625,3592500,0.0,0.0
2025-11-17 00:00:00-05:00,IBM,305.5899963378906,306.0,296.510009765625,297.1700134277344,3909700,0.0,0.0
2025-11-18 00:00:00-05:00,IBM,297.0,297.0,289.9200134277344,289.95001220703125,4861900,0.0,0.0
2025-11-19 00:00:00-05:00,IBM,290.5,291.1099853515625,288.07000732421875,288.5299987792969,3595900,0.0,0.0
2025-11-20 00:00:00-05:00,IBM,294.6400146484375,300.7099914550781,290.1600036621094,290.3999938964844,5597000,0.0,0.0
2025-11-21 00:00:00-05:00,IBM,293.4800109863281,300.4800109863281,291.8900146484375,297.44000244140625,5710900,0.0,0.0
2025-11-24 00:00:00-05:00,IBM,299.17999267578125,307.17999267578125,297.510009765625,304.1199951171875,6050600,0.0,0.0
2025-11-25 00:00:00-05:00,IBM,304.1300048828125,306.0,297.05999755859375,304.4800109863281,2825300,0.0,0.0
2025-11-26 00:00:00-05:00,IBM,305.17999267578125,306.6000061035156,301.6400146484375,303.2099914550781,2196400,0.0,0.0
2025-11-28 00:00:00-05:00,IBM,304.05999755859375,309.17999267578125,303.6000061035156,308.5799865722656,1689000,0.0,0.0
2025-12-01 00:00:00-05:00,IBM,306.510009765625,307.1199951171875,302.79998779296875,305.6700134277344,3166600,0.0,0.0
2025-12-02 00:00:00-05:00,IBM,307.0,310.4700012207031,301.57000732421875,301.7799987792969,4261100,0.0,0.0
2025-12-03 00:00:00-05:00,IBM,302.8800048828125,303.9700012207031,298.9100036621094,302.6199951171875,3953400,0.0,0.0
2025-12-04 00:00:00-05:00,IBM,302.8800048828125,309.6099853515625,302.5400085449219,307.989990234375,2962500,0.0,0.0
2025-12-05 00:00:00-05:00,IBM,308.5899963378906,311.8299865722656,307.17999267578125,307.94000244140625,2344700,0.0,0.0
2025-12-08 00:00:00-05:00,IBM,309.6199951171875,315.3500061035156,307.95001220703125,309.17999267578125,3630200,0.0,0.0
2025-12-09 00:00:00-05:00,IBM,309.6300048828125,313.9700012207031,308.75,310.4800109863281,2935300,0.0,0.0
2025-12-10 00:00:00-05:00,IBM,310.2300109863281,314.69000244140625,306.6499938964844,312.6700134277344,3411500,0.0,0.0
2025-12-11 00:00:00-05:00,IBM,312.0,313.44000244140625,308.3999938964844,310.739990234375,2755700,0.0,0.0
2025-12-12 00:00:00-05:00,IBM,310.57000732421875,311.04998779296875,303.3299865722656,309.239990234375,2953400,0.0,0.0
2025-12-15 00:00:00-05:00,IBM,308.989990234375,311.3599853515625,306.3500061035156,308.6600036621094,3557700,0.0,0.0
2025-12-16 00:00:00-05:00,IBM,307.31500244140625,307.3800048828125,301.5,302.6650085449219,975673,0.0,0.0
