2026-01-22 00:00:00,SAFAAPL,500,-250.77
2026-01-22,AVGO,500.0,-327.78
2026-01-22,VONN,500.0,68.2
2026-01-21,MVESAP,100.0,-191.33
2026-01-21,SAP,200.0,-191.38
2026-01-21,RWE,1950.0,-51.72
2026-01-21,ASML,100.0,1158.038
2026-01-16,ASML,100.0,1164.7
2026-01-15,DVA,700.0,105.75184
2026-01-15,KR,2000.0,62.570935
2026-01-15,SHECY,2500.0,17.75
2026-01-15,VTRS,4999.0,12.8314
2026-01-15,JBEOAN,3000.0,17.17
2026-01-15,EZJ,10000.0,-480.6719
2026-01-15,ASML,100.0,1147.4
2026-01-15,VONN,2000.0,67.4
2026-01-14,DVA,300.0,-101.7
2026-01-14,CSCO,500.0,74.18
2026-01-13,DSY,4000.0,-24.38
2026-01-13,MVEDSY,4000.0,-24.36
2026-01-13,ASML,100.0,1094.7
2026-01-12,ASML,100.0,1084.4
2026-01-12,VONN,500.0,66.1
2026-01-12,RIGL,2500.0,-40.215868
2026-01-09,ASML,200.0,1082.2
2026-01-09,HPE,2800.0,-22.21
2026-01-09,NFLX,4000.0,-89.16
2026-01-09,NEE,499.0,-79.95
2026-01-08,AAPL,500.0,-259.14
2026-01-08,KR,2000.0,-59.89
2026-01-08,VLVLY,300.0,33.33
2026-01-08,ASML,200.0,1068.3
2026-01-07,EOAN,5000.0,16.76
2026-01-07,IAG,100.0,438.01
2026-01-06,NEM,1000.0,106.2
2026-01-06,MVESAP,200.0,-201.93
2026-01-06,VONN,1426.0,65.91
2026-01-06,JBEOAN,3000.0,16.38
2026-01-05,ASML,200.0,1049.3
2026-01-05,IAG,10000.0,424.85
2026-01-04,ASML,200.0,1028.8
2026-01-02,MSFT,140.0,-471.39
2025-12-31,MSFT,140.0,484.44
2025-12-29,EOAN,5000.0,16.02
2025-12-29,NEM,1000.0,-99.78
2025-12-29,VONN,574.0,64.5
2025-12-29,MVEGLE,500.0,68.42
2025-12-23,VONN,1000.0,64.3
2025-12-22,NEM,1000.0,104.77
2025-12-22,VONN,1500.0,63.6
2025-12-19,HPE,5000.0,24.47
2025-12-19,POET,2500.0,6.79
2025-12-19,VONN,500.0,63.4
2025-12-18,VONN,1000.0,63.25
2025-12-18,MVEGLE,1000.0,67.22
2025-12-17,ASML,100.0,-874.9
2025-12-17,C,104.0,111.253
2025-12-17,DXC,2000.0,15.35
2025-12-17,IAG,10000.0,421.8
2025-12-17,KR,2000.0,63.773
2025-12-17,PROF,2000.0,7.61
2025-12-17,EZJ,10000.0,511.21
2025-12-16,NEM,1000.0,-98.38
2025-12-15,IAG,20000.0,411.1
2025-12-15,VONN,1500.0,63.3
2025-12-12,ASML,100.0,-925.55
2025-12-12,AZN,499.0,89.72
2025-12-12,EOAN,5000.0,-15.08
2025-12-12,IAG,20000.0,402.7
2025-12-12,VONN,3000.0,62.9
2025-12-12,LUV,1000.0,41.84
2025-12-11,NEM,1000.0,99.35
2025-12-10,NFLX,1000.0,-92.48
2025-12-09,EOAN,10000.0,-15.5
2025-12-09,GM,9.0,76.96
2025-12-09,VONN,500.0,61.8
2025-12-08,NFLX,2000.0,-95.883
2025-12-08,NOTE,10000.0,-1.88
2025-12-08,VLVLY,400.0,31.52
2025-12-08,MVEENI,4000.0,16.0
2025-12-05,NFLX,1000.0,-100.88
2025-12-05,NOTE,10000.0,-1.97
2025-12-05,VONN,1000.0,61.6
2025-12-05,MVEGLE,1000.0,61.72
2025-12-05,LUV,900.0,-37.81
2025-12-04,ASML,100.0,961.05
2025-12-04,KR,2000.0,-61.98
2025-12-04,NEE,3000.0,-83.78
2025-12-04,NEM,2000.0,90.41
2025-12-04,VONN,1200.0,61.2
2025-12-03,ASML,100.0,960.8
2025-12-03,HPQ,4000.0,-25.28
2025-12-03,MSFT,200.0,-478.88
2025-12-03,MVESAP,499.0,-206.43
2025-12-03,SAFASML,250.0,963.04
2025-12-03,ENI,5000.0,16.35
2025-12-03,RIG,7500.0,4.47
2025-12-03,JBASML,200.0,962.8
2025-12-02,ASML,200.0,950.45
2025-12-02,HPE,5000.0,-21.96
2025-11-28,PAAS,1000.0,45.45
2025-11-27,IAG,10000.0,398.01
2025-11-26,KR,1000.0,67.35
2025-11-26,PFE,2000.0,-25.73
2025-11-26,RIG,8000.0,4.29
2025-11-25,RIGL,500.0,48.28
2025-11-24,ASML,500.0,911.1
2025-11-24,NFLX,1800.0,-104.38
2025-11-24,ENI,2000.0,15.8
2025-11-21,IAG,10000.0,-375.2
2025-11-21,RIGL,499.0,46.8
2025-11-20,NFLX,200.0,-105.73
2025-11-17,AVGO,200.0,342.32
2025-11-14,ASML,100.0,-886.7
2025-11-13,IAG,10000.0,399.2
2025-11-12,DVA,1600.0,124.33
2025-11-12,PAAS,2000.0,38.853
2025-11-12,POET,2500.0,-4.9789
2025-11-12,VONN,800.0,60.4
2025-11-11,NOTE,3333.0,-2.76
2025-11-10,DVA,1600.0,-120.14
2025-11-10,NVAX,1000.0,20.855
2025-11-07,DVA,1600.0,123.44
2025-11-07,IAG,20000.0,380.01
2025-11-07,KR,1000.0,64.9
2025-11-07,VONN,2000.0,-58.45
2025-11-07,RIG,5000.0,3.955
2025-11-06,TSM,300.0,288.85
2025-11-06,VONN,2000.0,-58.8
2025-11-05,EOAN,14450.0,-16.04
2025-11-05,IAG,20000.0,425.1
2025-11-05,NEM,2000.0,81.47
2025-11-05,RIGL,2000.0,37.21
2025-11-05,VONN,1000.0,-59.2
2025-11-04,AAPL,500.0,270.04
2025-11-04,C,100.0,-100.93
2025-11-04,DVA,1600.0,-118.68
2025-11-04,KR,2000.0,-63.69
2025-11-04,NEM,2000.0,-78.88
2025-11-04,RIGL,1000.0,-28.33
2025-11-04,ENI,5000.0,15.86
2025-11-03,IAG,25000.0,427.2
2025-11-03,NEE,399.0,81.87
2025-10-31,IAG,10000.0,421.01
2025-10-31,NEM,1000.0,-79.88
2025-10-30,NEM,1000.0,-80.88
2025-10-30,VONN,979.0,61.2
2025-10-29,IAG,5000.0,410.55
2025-10-29,SHECY,2632.0,-15.2
2025-10-29,VLVLY,1500.0,-28.0
2025-10-28,HPE,1800.0,24.12
2025-10-28,NEM,1000.0,-79.599
2025-10-27,ASML,100.0,910.25
2025-10-27,IAG,10000.0,410.07
2025-10-27,VONN,21.0,61.2
2025-10-24,ASML,100.0,894.75
2025-10-24,IAG,20000.0,406.2
2025-10-24,KR,1000.0,-66.995
2025-10-24,NEM,2000.0,-83.50167
2025-10-24,NFLX,5000.0,-109.68800000000002
2025-10-23,IAG,10000.0,405.01
2025-10-23,NFLX,5000.0,-110.356
2025-10-22,IAG,10000.0,402.8
2025-10-22,NFLX,13000.0,-111.745
2025-10-22,TSM,800.0,-286.4025
2025-10-22,EZJ,10000.0,495.6
2025-10-22,GNRC,300.0,-183.16
2025-10-21,AAPL,500.0,263.58
2025-10-21,NEM,2000.0,-86.41
2025-10-21,PAAS,1500.0,-35.72
2025-10-21,RIGL,2000.0,29.92
2025-10-21,SAFAMZN,500.0,221.65
2025-10-20,HPE,1800.0,-22.63
2025-10-20,KR,1340.0,-68.98
2025-10-20,NEM,1000.0,94.22
2025-10-20,NFLX,1000.0,123.356
2025-10-20,F,3000.0,12.02
2025-10-17,ASML,100.0,862.601
2025-10-17,TSM,500.0,296.4
2025-10-17,VONN,1000.0,-58.89
2025-10-17,MVEGLE,1000.0,-54.02
2025-10-16,ASML,100.0,893.2
2025-10-16,HPQ,1000.0,-27.53
2025-10-16,NFLX,1000.0,-117.96600000000001
2025-10-16,VONN,1000.0,-59.8
2025-10-16,VTRS,5000.0,10.07
2025-10-16,BLNK,12000.0,1.91
2025-10-15,CSCO,1000.0,69.34
2025-10-15,HPQ,1000.0,28.94
2025-10-15,PROF,2000.0,5.61
2025-10-15,SHECY,632.0,16.54
2025-10-15,GNRC,200.0,192.01
2025-10-14,NEE,300.0,84.705
2025-10-14,TSLA,9.0,427.54
2025-10-13,AAPL,200.0,-248.52
2025-10-13,HPE,1200.0,-24.92
2025-10-13,MSFT,150.0,-513.83
2025-10-11,AET,10000.0,-45.6
2025-10-10,AET,10000.0,-45.8
2025-10-10,ASML,200.0,-813.9
2025-10-10,AVGO,210.0,-331.63
2025-10-10,BLDP,6000.0,3.3501
2025-10-10,HPQ,4000.0,-25.74
2025-10-10,SAP,200.0,237.8
2025-10-09,AAPL,200.0,253.62
2025-10-09,AET,20000.0,-46.0
2025-10-09,AVGO,160.0,346.09
2025-10-09,AZN,500.0,86.22
2025-10-09,DVA,400.0,-127.09
2025-10-09,IAG,10000.0,414.7
2025-10-09,LUMN,990.0,6.8
2025-10-09,NFLX,1000.0,123.53299999999999
2025-10-09,VONN,1000.0,61.8
2025-10-09,XPER,5000.0,-6.66
2025-10-08,DSY,2000.0,29.14
2025-10-08,HPE,1200.0,26.07
2025-10-08,IAG,10000.0,397.01
2025-10-08,POET,2500.0,9.07
2025-10-08,THC,300.0,-201.24
2025-10-07,DDD,10000.0,3.15
2025-10-07,IAG,10000.0,386.01
2025-10-07,MSFT,150.0,523.92
2025-10-07,POET,2500.0,7.4
2025-10-07,SAFAAPL,150.0,260.0
2025-10-07,THC,1000.0,204.54
2025-10-06,ASML,100.0,901.2
2025-10-06,DDD,5000.0,3.08
2025-10-06,EOAN,3200.0,16.12
2025-10-06,NEE,500.0,81.84
2025-10-06,NFLX,2000.0,-116.16900000000001
2025-10-06,MVEENI,4000.0,15.12
2025-10-06,SAFDDD,11000.0,3.16
2025-10-06,SAFDIS,530.0,-112.98
2025-10-06,JBEOAN,3000.0,16.12
2025-10-03,VONN,1000.0,60.2
2025-10-02,ASML,200.0,880.6
2025-10-02,SAP,500.0,-232.35
2025-10-01,HPE,800.0,24.82
2025-09-29,AMZN,200.0,221.515
2025-09-29,MSFT,200.0,515.245
2025-09-29,PAAS,500.0,39.3005
2025-09-29,JBASML,300.0,828.2
2025-09-26,CSCO,1000.0,-67.2
2025-09-26,MSFT,200.0,511.495
2025-09-26,NEE,1000.0,76.712
2025-09-26,RIGL,2000.0,-28.545245
2025-09-26,XOM,300.0,-117.49
2025-09-25,ASML,200.0,-804.9
2025-09-25,CVS,249.0,74.685
2025-09-25,NEE,1000.0,74.72
2025-09-25,VONN,2000.0,-59.2
2025-09-25,VTRS,5000.0,-9.46
2025-09-25,BLNK,28000.0,1.52
2025-09-25,JBEOAN,12000.0,15.96
2025-09-24,ASML,200.0,824.25
2025-09-24,PROF,4000.0,-5.19
2025-09-24,MA,100.0,-565.89
2025-09-23,ASML,100.0,821.4
2025-09-23,NEE,1000.0,72.32
2025-09-23,NEM,200.0,85.32
2025-09-23,GNRC,200.0,-166.7
2025-09-22,ADEA,1000.0,16.86
2025-09-22,ASML,100.0,814.2
2025-09-22,RIG,13000.0,-3.38
2025-09-19,AAPL,300.0,245.49495
2025-09-19,ASML,100.0,790.332
2025-09-19,SAP,1000.0,-227.55
2025-09-19,MVEORA,1200.0,13.745
2025-09-19,ENI,10010.0,-14.87
2025-09-19,EZJ,20000.0,-451.01
2025-09-19,MA,100.0,592.68
2025-09-19,ORA,1200.0,-13.745
2025-09-19,XYZ,600.0,-76.94
2025-09-18,ASML,100.0,772.4
2025-09-18,TSM,1000.0,268.59
2025-09-18,ENI,9990.0,-14.92
2025-09-17,VONN,1000.0,-60.1
2025-09-16,HPE,2000.0,24.46
2025-09-16,LUMN,1000.0,5.56
2025-09-16,PAAS,1000.0,36.29
2025-09-15,ASML,300.0,728.4
2025-09-15,EOAN,2500.0,15.8
2025-09-15,GNRC,600.0,-186.39
2025-09-15,JBEOAN,5000.0,15.63
2025-09-12,EOAN,3750.0,15.53
2025-09-12,NEM,2000.0,79.26
2025-09-11,AAPL,300.0,230.35
2025-09-11,SAFAAPL,300.0,230.21
2025-09-10,C,95.0,97.375
2025-09-10,DIS,800.0,-115.8975
2025-09-10,NEE,4000.0,-71.000443
2025-09-10,F,2000.0,11.41
2025-09-09,ASML,500.0,662.4
2025-09-09,THC,250.0,194.28
2025-09-08,ASML,200.0,667.2
2025-09-05,SAFASML,54.0,660.2
2025-09-04,VONN,1010.0,61.8
2025-09-03,NOTE,26667.0,-9.4328
2025-09-02,ASML,500.0,-622.2
2025-09-02,EOAN,5000.0,-14.78
2025-09-02,NOTE,0.0,-0.0001
2025-09-02,EZJ,10000.0,-480.9
2025-09-02,JBEOAN,5000.0,-14.82
2025-08-29,HPE,1500.0,23.24
2025-08-29,KR,660.0,-67.18
2025-08-29,RIGL,1000.0,38.72
2025-08-28,HPE,2000.0,22.45
2025-08-27,ENI,2000.0,15.21
2025-08-27,GNRC,600.0,189.91
2025-08-26,ASML,500.0,646.2
2025-08-25,NEE,1000.0,75.42
2025-08-25,RIGL,1000.0,41.42
2025-08-25,VTRS,5000.0,10.58
2025-08-22,NEE,3000.0,76.21
2025-08-22,NEM,2000.0,70.12
2025-08-22,PAAS,1000.0,32.03
2025-08-22,RIGL,2000.0,42.05
2025-08-19,ASML,500.0,636.7
2025-08-19,AZN,2000.0,79.51
2025-08-19,HPQ,4000.0,27.08
2025-08-19,PAAS,3000.0,30.68
2025-08-15,MVEGLE,1990.0,-59.09
2025-08-15,MVEORA,3000.0,-14.35
2025-08-14,DSY,2000.0,-26.64
2025-08-13,RIGL,2000.0,37.12
2025-08-12,SAP,499.0,-232.45
2025-08-11,RIGL,2000.0,31.7
2025-08-08,EOAN,5000.0,16.51
2025-08-08,MVEORA,2000.0,13.93
2025-08-06,SAFASML,70.0,-595.11
2025-08-05,ASML,500.0,-599.3
2025-08-05,UNIT,7235.0,-9.3
2025-08-05,VONN,2000.0,-59.1
2025-08-01,AMZN,2000.0,-215.02
2025-08-01,TSM,1000.0,-235.25
2025-07-30,VONN,6000.0,-59.5
2025-07-30,ENI,4000.0,14.82
2025-07-28,RIG,25000.0,-3.04
2025-07-25,AZN,2000.0,72.54
2025-07-25,NEM,800.0,65.245
2025-07-25,GNRC,400.0,165.75
2025-07-25,THC,1000.0,-152.18
2025-07-24,VONN,6000.0,-61.05
2025-07-24,MVEALDNE,20000.0,-0.9582865
2025-07-24,MVEENI,8000.0,14.44
2025-07-23,NEE,3000.0,-72.56
2025-07-23,SAP,500.0,-250.85
2025-07-23,MVESAP,200.0,-250.9
2025-07-22,ASML,300.0,-602.55
2025-07-21,DVA,990.0,-140.09
2025-07-21,DXC,4000.0,-14.48
2025-07-18,ASML,100.0,-632.95
2025-07-18,ASML,200.0,-645.5
2025-07-18,NFLX,4000.0,-120.899
2025-07-18,TSM,500.0,-241.39
2025-07-18,UN0,350.0,-37.2407
2025-07-18,MVEUN0,39.0,-37.425
2025-07-17,ADEA,190.0,-14.25
2025-07-17,EOAN,5000.0,15.95
2025-07-17,IAG,9750.0,383.01
2025-07-17,POET,2500.0,6.5
2025-07-17,SAP,500.0,265.05
2025-07-17,TSM,500.0,247.65
2025-07-17,MVESAP,200.0,-259.6
2025-07-17,MVEUN0,9.0,-37.9
2025-07-16,IAG,250.0,386.01
2025-07-15,IAG,20000.0,369.2
2025-07-15,NEM,1000.0,-55.97
2025-07-15,JBEOAN,5000.0,16.06828
2025-07-10,EZJ,10000.0,-524.2
2025-07-07,SAFDIS,330.0,122.97
2025-07-04,IAG,20000.0,345.8
2025-07-03,IAG,8290.0,346.01
2025-06-30,HPE,2000.0,20.52
2025-06-27,PAAS,1000.0,-27.53
2025-06-26,MSFT,150.0,496.3
2025-06-26,NEM,1000.0,59.16
2025-06-26,TSM,500.0,224.42
2025-06-26,MVEDSY,1500.0,-30.22
2025-06-26,BLNK,40000.0,-1.012
2025-06-25,ASML,200.0,-695.5
2025-06-25,C,500.0,82.67
2025-06-25,CSCO,1000.0,68.32
2025-06-25,DIS,800.0,119.38
2025-06-25,IAG,20000.0,331.3
2025-06-25,MSFT,150.0,491.475
2025-06-25,NEM,1000.0,58.125
2025-06-25,POET,2500.0,-5.12
2025-06-25,RIGL,2000.0,-18.65
2025-06-25,SHECY,3000.0,-15.45
2025-06-25,SAFDIS,800.0,119.32
2025-06-25,F,5000.0,10.5
2025-06-25,THC,350.0,169.12
2025-06-24,AAPL,300.0,-200.7
2025-06-24,AMZN,500.0,-212.98
2025-06-23,SAP,1000.0,-249.75
2025-06-20,AET,20000.0,52.01
2025-06-20,AZN,4000.0,-69.84
2025-06-20,DIS,400.0,117.4
2025-06-20,KR,1000.0,71.82
2025-06-19,DSY,500.0,-30.95
2025-06-18,AAPL,300.0,-196.66
2025-06-18,ADEA,2800.0,-13.02
2025-06-18,DSY,500.0,-31.34
2025-06-18,IAG,1710.0,320.001
2025-06-18,MVEDSY,500.0,-31.36
2025-06-18,MA,200.0,-546.81
2025-06-18,THC,200.0,168.57
2025-06-17,NFLX,2000.0,122.05199999999999
2025-06-13,AAPL,500.0,-195.75
2025-06-13,ADEA,3000.0,-13.04
2025-06-11,SAFAAPL,290.0,-198.8
2025-06-11,SAFAMZN,500.0,-213.25
2025-06-05,SAP,500.0,273.15
2025-06-03,AVGO,200.0,256.2
2025-06-03,NFLX,2000.0,122.21700000000001
2025-06-03,RWE,3200.0,33.36
2025-06-03,Free,200.0,256.2
2025-06-03,VONN,6000.0,62.9
2025-06-03,MVERWE,3999.0,33.36
2025-06-03,MVESAP,500.0,267.48
2025-05-30,AAPL,3000.0,-201.75087
2025-05-30,DSY,500.0,-32.95
2025-05-30,HPQ,4000.0,-24.949998
2025-05-30,KR,2000.0,-68.3995
2025-05-30,RIGL,6000.0,-19.385585
2025-05-30,MVEDSY,4000.0,-32.95
2025-05-30,MVEENI,8000.0,-12.96
2025-05-30,MVEORA,6000.0,-13.19
2025-05-29,AVGO,250.0,241.729
2025-05-29,PAAS,1000.0,-24.42
2025-05-29,Free,250.0,241.729
2025-05-29,F,10000.0,10.18
2025-05-27,IAG,40000.0,333.9
2025-05-23,AVGO,200.0,229.82
2025-05-23,EOAN,3000.0,15.74
2025-05-23,NEE,1000.0,-66.36
2025-05-23,Free,200.0,229.82
2025-05-23,VTRS,5000.0,-8.23
2025-05-23,THC,650.0,160.91
2025-05-23,JBEOAN,3000.0,-15.547513
2025-05-22,MVEORA,3000.0,13.3
2025-05-20,AAPL,1000.0,-206.73
2025-05-20,AMZN,1000.0,-204.0975
2025-05-20,IAG,10000.0,335.85
2025-05-19,C,400.0,76.105
2025-05-19,CVS,750.0,62.735
2025-05-19,HPQ,1000.0,29.095
2025-05-19,NEE,1000.0,73.815
2025-05-19,RWE,1500.0,32.24
2025-05-19,SAP,500.0,263.875
2025-05-19,WBA,4000.0,11.2511
2025-05-19,MVESAP,500.0,263.8
2025-05-16,EZJ,18000.0,544.2
2025-05-15,HPQ,1000.0,28.83
2025-05-15,VONN,2000.0,63.3
2025-05-14,MVESAP,500.0,-262.88
2025-05-13,DDD,20000.0,-1.91
2025-05-13,EOAN,1250.0,-14.7
2025-05-13,NEM,1000.0,-49.98
2025-05-13,SAFDDD,21000.0,-1.929
2025-05-13,JBEOAN,2000.0,-14.73
2025-05-12,NEM,2000.0,-50.63
2025-05-12,PAAS,3000.0,-22.96
2025-05-12,MVEGLE,1000.0,47.47
2025-05-08,EOAN,1250.0,15.64
2025-05-08,RWE,1250.0,32.66025
2025-05-08,SAP,500.0,265.65
2025-05-08,VONN,2000.0,62.09
2025-05-08,MVEGLE,1000.0,45.76
2025-05-08,MVEORA,3000.0,12.665
2025-05-08,MVESAP,500.0,265.65
2025-05-08,JBEOAN,2000.0,15.9
2025-05-07,SAP,500.0,-262.9
2025-05-07,SAFASML,66.0,606.66
2025-05-05,NFLX,2000.0,113.376
2025-05-05,MVEENI,2000.0,-12.59
2025-05-02,CSCO,1990.0,-58.935
2025-05-02,NEM,2000.0,-51.829875
2025-05-02,MVERWE,3000.0,-33.095
2025-05-02,SAFAAPL,500.0,-204.94932
2025-04-28,HPQ,3000.0,25.4
2025-04-24,IAG,20000.0,261.5
2025-04-24,NFLX,2000.0,109.644
2025-04-24,MVEENI,8000.0,-12.6593
2025-04-23,VONN,4000.0,58.63
2025-04-23,MVEGLE,3000.0,42.22
2025-04-23,MVEORA,5000.0,12.62
2025-04-23,JBEOAN,5000.0,-14.97
2025-04-22,MVEGLE,5000.0,-39.59
2025-04-21,AMZN,200.0,-173.55
2025-04-17,AAPL,500.0,-197.42
2025-04-17,C,500.0,-62.75
2025-04-17,HPQ,5000.0,-23.39
2025-04-17,KR,1000.0,69.12
2025-04-17,MSFT,150.0,-378.43
2025-04-17,TSM,1000.0,-152.32
2025-04-17,VONN,4000.0,-55.8
2025-04-15,TSM,1350.0,-157.45
2025-04-10,SHECY,1000.0,21.021
2025-04-08,VONN,4000.0,-55.7
2025-04-04,MVEDSY,2000.0,-35.44
2025-04-02,ASML,200.0,-603.8
2025-04-02,MVEORA,5000.0,12.01
2025-04-01,AMZN,500.0,-192.82
2025-04-01,EOAN,2000.0,14.04
2025-04-01,IAG,20000.0,-249.012
2025-04-01,SHECY,4000.0,-14.1683
2025-04-01,ORA,2000.0,12.03
2025-03-31,EOAN,7000.0,13.94
2025-03-28,IAG,20000.0,-284.4779
2025-03-28,MSFT,150.0,-378.76
2025-03-28,PAAS,2500.0,26.31
2025-03-28,LUV,1200.0,33.646525
2025-03-27,ASML,300.0,-647.3
2025-03-26,SAFASML,50.0,-661.5
2025-03-25,HPE,500.0,16.55
2025-03-25,NEM,500.0,47.6
2025-03-24,AET,19410.0,-41.40427
2025-03-24,SAP,1000.0,-255.19
2025-03-24,MVESAP,1000.0,-255.05
2025-03-21,DSY,500.0,38.69
2025-03-21,VONN,6000.0,-56.89
2025-03-21,ORA,2000.0,11.845
2025-03-20,AET,23590.0,-40.4
2025-03-20,SAP,1000.0,-250.8
2025-03-19,ASML,300.0,667.6
2025-03-19,IAG,20000.0,296.01
2025-03-19,VONN,1000.0,63.1
2025-03-18,ALDNE,15000.0,-0.93
2025-03-18,DSY,1000.0,-38.78
2025-03-17,EOAN,3000.0,12.09
2025-03-17,SAFDDD,25000.0,-2.6913
2025-03-17,OXY,1000.0,-47.24
2025-03-14,IAG,20000.0,287.7
2025-03-14,LUMN,2000.0,4.9
2025-03-14,NEE,1000.0,73.359
2025-03-14,TSM,450.0,-193.52684
2025-03-14,F,10000.0,9.675
2025-03-14,GNRC,400.0,-130.04
2025-03-10,ASML,300.0,-632.8
2025-03-10,IAG,20000.0,-319.6
2025-03-10,VONN,1000.0,-61.4965
2025-03-10,MVEORA,5000.0,11.8467
2025-03-10,SAFAMZN,250.0,-193.49
2025-03-10,JBEOAN,5000.0,12.97
2025-03-07,HPE,2000.0,-15.76
2025-03-06,AZN,800.0,-77.67
2025-03-03,IAG,20000.0,344.03
2025-03-03,MSFT,200.0,-395.34
2025-03-03,NFLX,2000.0,98.261
2025-03-03,POET,7000.0,-3.78
2025-03-03,TSM,200.0,-178.31
2025-03-03,MVEGLE,990.0,39.68
2025-03-03,ORA,4000.0,11.5525
2025-02-28,ALDNE,15000.0,-1.2
2025-02-28,CSCO,990.0,64.33
2025-02-28,IAG,20000.0,351.4295
2025-02-28,MVEALDNE,20000.0,-1.01
2025-02-28,SAFASML,150.0,-683.5426
2025-02-27,IAG,30000.0,334.09167
2025-02-27,UN0,350.0,44.29877
2025-02-27,MVEORA,6000.0,11.42
2025-02-27,JBEOAN,5000.0,12.49
2025-02-26,AAPL,300.0,-240.34
2025-02-26,DDD,15000.0,-3.66
2025-02-26,HPE,4000.0,-20.287958
2025-02-26,RWE,4000.0,30.52
2025-02-26,MVEEOAN,2990.0,12.56
2025-02-26,ORA,6000.0,11.305
2025-02-25,AMZN,800.0,-206.1834
2025-02-25,ASML,100.0,-706.6
2025-02-25,ASML,300.0,-690.9
2025-02-25,AVGO,240.0,-203.4258333
2025-02-25,IAG,30000.0,302.6
2025-02-25,MSFT,2000.0,-400.1803
2025-02-25,Free,240.0,-203.4258333
2025-02-25,MVEGLE,5000.0,38.69371
2025-02-24,ADEA,2990.0,16.67
2025-02-24,AVGO,500.0,-207.77
2025-02-24,EOAN,5000.0,12.09
2025-02-24,NEM,2000.0,-43.7
2025-02-24,SAP,499.0,275.525
2025-02-24,TSLA,390.0,333.93
2025-02-24,Free,500.0,-207.77
2025-02-24,MVESAP,499.0,275.65
2025-02-21,AMZN,500.0,-215.45
2025-02-21,NEE,1000.0,71.24
2025-02-21,MVEALDNE,12058.0,-1.096453
2025-02-21,MVEEOAN,3000.0,11.65131
2025-02-21,ENI,4000.0,-13.978
2025-02-20,NEE,1000.0,70.096
2025-02-20,MVEALDNE,2942.0,-1.074
2025-02-19,AVGO,250.0,-227.5
2025-02-19,CSCO,1000.0,64.85
2025-02-19,DIS,400.0,111.54
2025-02-19,PAAS,2500.0,-24.12
2025-02-19,PROF,2000.0,6.93
2025-02-19,Free,250.0,-227.5
2025-02-19,MVEALDNE,5000.0,-1.08
2025-02-19,MVEGLE,5000.0,-37.8
2025-02-19,MVEORA,6000.0,-10.87
2025-02-19,SAFAAPL,240.0,244.79
2025-02-19,EZJ,10000.0,-495.0878
2025-02-19,OXY,1000.0,51.86
2025-02-18,AET,7000.0,-46.5
2025-02-18,AMZN,200.0,-224.55
2025-02-18,ALDNE,20000.0,-1.1459755
2025-02-18,ASML,100.0,-724.24
2025-02-18,ASML,100.0,-717.1
2025-02-18,DIS,800.0,-109.28
2025-02-18,NEE,1000.0,-68.03
2025-02-18,WBA,3000.0,10.765
2025-02-18,MVEENI,8000.0,-14.09
2025-02-18,SAFASML,100.0,717.2
2025-02-18,SAFDDD,5000.0,4.481
2025-02-18,F,10000.0,-9.235
2025-02-17,IAG,10000.0,-337.0
2025-02-17,RWE,4000.0,-28.37
2025-02-14,AAPL,300.0,244.12
2025-02-14,AMZN,500.0,-228.54
2025-02-14,DIS,600.0,-110.22
2025-02-14,RIGL,2000.0,21.43
2025-02-14,MVEORA,5000.0,-10.93
2025-02-14,MVEUN0,488.0,45.93
2025-02-14,EZJ,8000.0,-514.56
2025-02-13,AMZN,400.0,-229.005
2025-02-13,ASML,100.0,737.1
2025-02-13,CVS,2000.0,67.07
2025-02-13,NEM,1500.0,47.96
2025-02-13,PAAS,3000.0,25.15
2025-02-13,RIGL,2000.0,-20.229375
2025-02-13,TSLA,200.0,357.3
2025-02-13,VLVLY,500.0,30.08
2025-02-13,GNRC,330.0,-146.95
2025-02-12,ALDNE,10000.0,-1.15
2025-02-12,CVS,2000.0,62.39
2025-02-12,DSY,1000.0,40.01
2025-02-12,PROF,2000.0,-6.2249
2025-02-12,TSLA,400.0,-336.51
2025-02-12,MVEDSY,1000.0,40.01
2025-02-12,SAFAAPL,250.0,235.47
2025-02-12,GNRC,280.0,154.81
2025-02-12,OXY,900.0,-48.09
2025-02-11,IAG,10000.0,-347.0
2025-02-10,AMZN,250.0,-232.89
2025-02-10,RWE,4000.0,-29.235
2025-02-10,MVEGLE,1000.0,34.53
2025-02-07,AET,50000.0,-49.0
2025-02-07,AMZN,450.0,-228.95
2025-02-07,CSCO,1000.0,62.44
2025-02-07,EOAN,4000.0,-11.63
2025-02-07,RWE,4000.0,30.01
2025-02-07,SHECY,4000.0,15.3
2025-02-06,DDD,15000.0,4.64
2025-02-06,IAG,10000.0,362.611
2025-02-06,NEE,1000.0,-68.92975
2025-02-06,SSYS,3000.0,12.7675333
2025-02-06,UN0,363.0,-42.2
2025-02-06,WBA,6500.0,-10.0599
2025-02-06,MVEALDNE,10000.0,-1.1
2025-02-06,MVEDSY,1000.0,40.595
2025-02-06,MVEUN0,500.0,-42.2
2025-02-05,AMZN,400.0,-236.7075
2025-02-05,HPE,4000.0,21.358283
2025-02-05,KR,1000.0,65.63
2025-02-05,SHECY,4000.0,-14.89
2025-02-05,TSLA,100.0,-382.162
2025-02-05,MVEDSY,1000.0,40.7
2025-02-05,SAFAMZN,250.0,-236.91
2025-02-05,SAFDDD,20000.0,4.6
2025-02-05,EZJ,9000.0,529.4
2025-02-05,GNRC,450.0,-142.78
2025-02-04,AAPL,300.0,-230.7
2025-02-04,DSY,1000.0,39.12
2025-02-04,DSY,2000.0,40.12
2025-02-04,KR,1000.0,63.11
2025-02-04,MVEDSY,2000.0,40.41
2025-02-03,MVEDSY,1000.0,39.55
2025-01-31,AAPL,200.0,-233.95
2025-01-31,CSCO,2000.0,60.51
2025-01-31,MVEGLE,2000.0,31.31
2025-01-31,LUV,1200.0,-30.6974
2025-01-31,THC,150.0,-140.46
2025-01-30,HPE,4000.0,-21.21
2025-01-30,GLE,2000.0,31.1
2025-01-29,C,500.0,80.89
2025-01-29,EPIX,12000.0,-1.72
2025-01-29,MRNA,3000.0,-41.35
2025-01-29,RWE,4000.0,29.33
2025-01-29,MVEORA,3300.0,10.39
2025-01-29,MVERWE,4000.0,29.29
2025-01-29,NVS,400.0,103.0105
2025-01-28,CVS,2000.0,56.88
2025-01-28,NEE,1200.0,-70.59
2025-01-28,SAFDIS,700.0,113.1967
2025-01-28,MA,100.0,546.67
2025-01-28,THC,500.0,-142.0177
2025-01-27,ASML,200.0,-647.1
2025-01-27,AVGO,200.0,197.355
2025-01-27,AZN,1300.0,70.21
2025-01-27,CSCO,2000.0,-59.125
2025-01-27,CVS,2000.0,-56.05619
2025-01-27,DIS,900.0,113.21462
2025-01-27,DSY,2000.0,36.675
2025-01-27,HPE,4000.0,-22.58025
2025-01-27,HPQ,5000.0,32.77
2025-01-27,KR,2000.0,-60.37975
2025-01-27,LUMN,2000.0,-5.0683
2025-01-27,NEE,1200.0,72.40947
2025-01-27,TSM,800.0,-189.88875
2025-01-27,Free,200.0,197.355
2025-01-27,SAFAAPL,200.0,231.18
2025-01-27,SAFASML,100.0,-642.85
2025-01-27,ORA,6000.0,10.37
2025-01-27,JBEOAN,5000.0,-11.005
2025-01-24,ASML,500.0,-701.05
2025-01-24,DDD,15000.0,-3.82
2025-01-24,RIGL,1700.0,21.99
2025-01-24,SAFDDD,20000.0,-3.81
2025-01-23,ASML,200.0,-715.55
2025-01-23,DSY,2000.0,35.92
2025-01-23,MVEEPIX,10000.0,-1.72
2025-01-22,AMZN,500.0,234.24
2025-01-22,ASML,200.0,748.4
2025-01-22,CSCO,2000.0,61.15
2025-01-22,HPE,2000.0,24.33
2025-01-22,NFLX,2000.0,-95.753
2025-01-22,PW,6006.0,-1.1955
2025-01-22,WBA,1500.0,11.53
2025-01-22,SAFAAPL,500.0,-222.018
2025-01-22,SAFAMZN,500.0,232.72
2025-01-22,SAFMRNA,3000.0,-38.8126
2025-01-22,GS,100.0,631.9
2025-01-22,LAZRQ,9647.0,-6.44
2025-01-22,THC,1000.0,-134.99
2025-01-21,AAPL,500.0,-220.36
2025-01-21,AVGO,200.0,241.52
2025-01-21,EOAN,8000.0,-10.89
2025-01-21,HPQ,1000.0,-32.8
2025-01-21,IAG,10000.0,328.0
2025-01-21,NEM,1500.0,41.62
2025-01-21,NFLX,2000.0,96.821
2025-01-21,RIGL,3000.0,-18.16
2025-01-21,Free,200.0,241.52
2025-01-21,MVEALDNE,20000.0,-1.07
2025-01-21,MVEEOAN,6000.0,-11.06
2025-01-20,ASML,500.0,745.4
2025-01-20,DSY,2000.0,-34.31
2025-01-20,EOAN,3000.0,-10.9
2025-01-17,NEE,1190.0,-70.81
2025-01-17,SAFAMZN,500.0,224.0
2025-01-17,F,8000.0,10.15
2025-01-17,GLE,2000.0,-28.94
2025-01-17,X,1590.0,36.08
2025-01-16,AAPL,500.0,237.8
2025-01-16,AMZN,500.0,223.01
2025-01-16,C,500.0,78.85
2025-01-16,DDD,5000.0,-3.12
2025-01-16,DIS,500.0,-108.18
2025-01-16,HPE,2000.0,23.25
2025-01-16,POET,500.0,-7.09
2025-01-16,WBA,1500.0,12.46
2025-01-15,CVS,2000.0,51.23
2025-01-15,GNRC,250.0,160.89
2025-01-14,EZJ,8000.0,-494.0
2025-01-14,JBASML,500.0,-723.74
2025-01-14,JBEOAN,5000.0,-10.56
2025-01-13,ASML,200.0,-706.2
2025-01-13,SAP,490.0,-242.8
2025-01-10,AMZN,500.0,218.88
2025-01-10,LNSR,3000.0,8.46
2025-01-10,MVEGLE,2000.0,27.44
2025-01-10,SAFDIS,700.0,-108.61
2025-01-10,X,1600.0,34.06
2025-01-09,XPER,4200.0,-9.88
2025-01-08,EOAN,10000.0,-11.225
2025-01-08,RWE,4000.0,-29.31
2025-01-08,VLVLY,3000.0,25.39
2025-01-08,NVS,1000.0,99.4
2025-01-07,AET,150000.0,-48.0
2025-01-07,BLDP,6000.0,-2.85
2025-01-07,DVA,400.0,151.72
2025-01-07,HPQ,4000.0,-33.85
2025-01-07,MRNA,1000.0,-47.13
2025-01-07,NEM,1500.0,38.51
2025-01-07,SHECY,3000.0,-16.41
2025-01-07,SSYS,3000.0,-9.25
2025-01-07,TSLA,400.0,397.49
2025-01-06,ASML,200.0,729.45
2025-01-06,C,1000.0,-73.18
2025-01-06,CVS,2300.0,-46.24
2025-01-06,POET,2500.0,9.06
2025-01-06,RWE,1000.0,30.18
2025-01-06,NVAX,4500.0,-9.7488
2025-01-06,NVS,1000.0,-98.036
2025-01-03,RRC,5000.0,35.859
2025-01-03,X,1800.0,-30.957206
2025-01-02,ASML,100.0,987.0
2024-12-31,XOM,1800.0,107.37
2024-12-30,ADEA,2990.0,-13.8004582
2024-12-30,MRNA,2300.0,-39.67
2024-12-30,NEM,3000.0,-37.18
2024-12-30,XOM,1800.0,-106.09
2024-12-30,GNRC,350.0,-156.5
2024-12-30,LUV,1200.0,-33.84
2024-12-30,NVS,400.0,-97.66
2024-12-30,RIG,3000.0,-3.7
2024-12-30,RRC,2300.0,-36.7891
2024-12-30,X,1400.0,-31.38
2024-12-25,CVS,700.0,-44.94
2024-12-24,MVEGLE,4000.0,26.41
2024-12-20,IAG,10000.0,302.249
2024-12-20,LUMN,3000.0,5.89
2024-12-20,MVERWE,4000.0,-28.21
2024-12-20,SAFDIS,700.0,111.6849
2024-12-20,SAFIAG,100000.0,301.92
2024-12-20,RRC,1300.0,33.25
2024-12-18,AVGO,360.0,-234.18
2024-12-18,DVA,400.0,-148.52
2024-12-18,Free,360.0,-234.18
2024-12-18,XPER,7200.0,10.55
2024-12-17,ADEA,6990.0,14.52
2024-12-17,AVGO,40.0,-234.57
2024-12-17,IAG,20000.0,297.0
2024-12-17,LNSR,3000.0,-7.42
2024-12-17,Free,40.0,-234.57
2024-12-16,SSYS,4000.0,10.36
2024-12-13,VONN,990.0,62.0
2024-12-13,ENI,2000.0,-13.37
2024-12-11,NEM,1000.0,42.06
2024-12-11,EZJ,6000.0,576.69
2024-12-09,SHECY,6000.0,-20.27
2024-12-08,OXY,1100.0,-58.579
2024-12-07,DDD,10000.0,-3.87
2024-12-06,DIS,550.0,116.78
2024-12-06,NEM,2000.0,-41.24
2024-12-06,VONN,3000.0,60.05
2024-12-05,HPQ,1500.0,36.17
2024-12-05,LUMN,5000.0,6.37
2024-12-05,UN0,137.0,-41.37
2024-12-05,MVEORA,6300.0,-9.65
2024-12-04,EZJ,8000.0,565.97
2024-12-03,VLVLY,3000.0,-24.15
2024-12-02,MRNA,1500.0,88.24
2024-11-29,VONN,2000.0,57.57
2024-11-27,CVS,2000.0,59.19
2024-11-27,EPIX,15000.0,-1.82
2024-11-27,XPER,6000.0,-9.84
2024-11-27,MVERWE,4000.0,30.62
2024-11-26,ALDNE,19675.0,-1.0
2024-11-26,CVS,2000.0,-59.17
2024-11-26,MA,215.0,-323.02
2024-11-25,CVS,2000.0,60.17
2024-11-21,CVS,2000.0,-57.14
2024-11-20,RRC,1000.0,35.4973
2024-11-15,DIS,640.0,113.395
2024-11-13,VONN,2000.0,56.6
2024-11-12,ADEA,3000.0,-14.02
2024-11-12,AET,100000.0,-47.96
2024-11-12,DSY,2000.0,34.93
2024-11-12,IAG,20000.0,287.0
2024-11-11,DSY,4000.0,-32.8
2024-11-11,EOAN,4000.0,-12.035
2024-11-11,RWE,2000.0,-30.67
2024-11-11,JBEOAN,10000.0,-12.095
2024-11-10,CVS,2000.0,67.01
2024-11-10,DSY,750.0,-33.76
2024-11-10,MVEUN0,490.0,-48.84
2024-11-10,EZJ,5000.0,-495.71
2024-11-10,GLE,2000.0,23.0592
2024-11-09,NEM,5000.0,-51.36
2024-11-09,SHECY,4000.0,-19.82
2024-11-09,LUV,2000.0,28.54
2024-11-07,C,1500.0,68.25
2024-11-07,GM,990.0,47.633
2024-11-06,MVEDDD,5000.0,3.52
2024-11-04,AMZN,500.0,195.82
2024-11-04,NEM,2000.0,-45.34
2024-11-04,MVERWE,4000.0,-30.27
2024-11-01,X,1200.0,38.92
2024-10-31,MSFT,1000.0,-409.15
2024-10-31,RWE,3000.0,-30.51
2024-10-31,VONN,1166.0,56.9
2024-10-28,ASML,1000.0,-653.7
2024-10-18,ASML,500.0,-653.1
2024-10-18,SAP,490.0,211.25
2024-10-18,TSM,400.0,-201.44
2024-10-18,VONN,2000.0,58.54
2024-10-18,SAFIAG,25000.0,212.3
2024-10-17,EOAN,4000.0,13.08
2024-10-17,RWE,10000.0,31.53
2024-10-16,NFLX,2000.0,-70.546
2024-10-15,MVEGLE,3000.0,23.14
2024-10-12,WBA,1500.0,-10.48
2024-10-11,SAFIAG,25000.0,-198.16
2024-10-10,ASML,200.0,-761.4
2024-10-10,C,2000.0,-63.5
2024-10-10,MSFT,300.0,-416.55
2024-10-10,NEE,1000.0,-81.61
2024-10-10,GNRC,500.0,166.3739
2024-10-08,EZJ,8000.0,-485.14
2024-10-07,AET,100000.0,-52.5219
2024-10-07,NEM,3000.0,52.81
2024-10-07,BLNK,20000.0,-1.94
2024-10-07,THC,1000.0,-154.9964
2024-10-06,CVS,2000.0,-60.51
2024-10-06,DDD,10000.0,-3.9952
2024-10-04,MVEEOAN,30000.0,-10.665
2024-10-04,MVEUN0,490.0,51.5
2024-10-04,SAFAMZN,500.0,185.96
2024-10-02,MVEUN0,500.0,54.35
2024-10-01,SAFIAG,50000.0,207.3
2024-10-01,EZJ,8000.0,523.4374
2024-10-01,GS,100.0,-561.6015
2024-09-25,VONN,834.0,55.4
2024-09-23,DSY,5000.0,36.16
2024-09-20,CSCO,1000.0,52.01
2024-09-19,NEE,2200.0,82.5
2024-09-19,PROF,2000.0,-8.03
2024-09-18,AET,150000.0,-48.0
2024-09-18,EPIX,10000.0,5.77
2024-09-18,EPIX,6000.0,6.11
2024-09-18,POET,5000.0,4.1676
2024-09-17,ADEA,3990.0,-12.37
2024-09-17,CSCO,1000.0,50.78
2024-09-17,XOM,1800.0,114.13
2024-09-16,AMZN,1500.0,-185.28
2024-09-16,AZN,3000.0,78.97
2024-09-16,X,1200.0,-36.387
2024-09-13,BLDP,10000.0,-1.83
2024-09-13,DDD,20000.0,-2.46
2024-09-13,MVEDDD,10000.0,-2.45
2024-09-12,AZN,1300.0,-68.66
2024-09-12,MVEENI,4000.0,-13.53
2024-09-12,MVESAP,490.0,-240.55
2024-09-12,SAFAMZN,1000.0,-185.65
2024-09-12,ORA,4000.0,-9.78
2024-09-11,GNRC,500.0,-140.4218
2024-09-11,X,1300.0,33.0011
2024-09-10,CSCO,2000.0,-48.69
2024-09-10,HPE,3000.0,20.81
2024-09-10,XOM,1800.0,-111.35
2024-09-09,X,1300.0,-32.31
2024-09-07,IAG,100000.0,-173.52
2024-09-06,MRNA,2000.0,-72.05
2024-09-06,VONN,2000.0,-53.8
2024-09-06,GLE,2000.0,-21.87
2024-09-05,SAFMRNA,1000.0,-72.5417
2024-09-04,DVA,990.0,150.64
2024-09-04,DXC,4000.0,20.32
2024-09-04,IAG,50000.0,185.7
2024-09-04,NEM,5000.0,52.06
2024-09-04,RIGL,2300.0,13.34
2024-09-04,MVEENI,4000.0,14.263983
2024-09-04,THC,1000.0,161.4422
2024-09-03,XPER,3000.0,8.63
2024-09-03,SAFGM,2000.0,48.6334
2024-09-02,MVEGLE,3000.0,-21.76
2024-08-29,MVEENI,2000.0,-14.754
2024-08-29,MVESAP,500.0,198.1
2024-08-29,SAFAMZN,1000.0,-171.92
2024-08-28,AMZN,1000.0,175.73
2024-08-28,KR,1000.0,53.28
2024-08-27,ASML,300.0,-791.4
2024-08-27,CSCO,1000.0,50.77
2024-08-26,MVEGLE,2000.0,-21.31
2024-08-23,BLDP,10000.0,1.96
2024-08-23,ENI,2000.0,14.59
2024-08-22,BLDP,17990.0,-1.87
2024-08-22,KR,2000.0,-52.1136
2024-08-22,MSFT,300.0,423.025
2024-08-22,ENI,3000.0,14.442
2024-08-21,TSM,500.0,170.76
2024-08-21,GS,100.0,495.0307
2024-08-19,ASML,300.0,826.5267
2024-08-19,NEE,2200.0,-79.18
2024-08-19,PW,3006.0,1.54
2024-08-19,UN0,2500.0,43.37
2024-08-16,AZN,800.0,84.17
2024-08-16,LUMN,2000.0,5.53
2024-08-15,CSCO,1000.0,-48.6
2024-08-15,MVERWE,4000.0,30.82
2024-08-14,LUMN,3000.0,5.73
2024-08-14,MVEGLE,4000.0,-20.6643
2024-08-13,PW,3006.0,1.39
2024-08-13,VONN,3000.0,-56.4
2024-08-12,AET,190000.0,-53.111
2024-08-12,CSCO,3000.0,45.47
2024-08-12,POET,5000.0,-3.5412
2024-08-09,AMZN,2000.0,166.94
2024-08-09,LUMN,5000.0,5.32
2024-08-08,GS,200.0,-486.0973
2024-08-07,GM,990.0,-46.676
2024-08-06,C,500.0,64.593
2024-08-02,ASML,300.0,-763.5
2024-08-02,LUMN,15000.0,-2.98
2024-08-02,SAP,1490.0,188.64
2024-08-02,TSM,300.0,-152.58
2024-08-02,MVEEOAN,20000.0,11.1925
2024-08-01,NEE,990.0,77.273
2024-08-01,F,8000.0,-9.61
2024-08-01,GS,100.0,573.67
2024-07-31,AET,90000.0,53.62
2024-07-31,EOAN,5000.0,13.02
2024-07-31,EPIX,13000.0,-5.65
2024-07-31,EPIX,3000.0,-5.2888
2024-07-31,HPE,5000.0,-19.8596
2024-07-31,PROF,10000.0,10.4753
2024-07-31,SHECY,2000.0,22.141
2024-07-31,TSM,1000.0,-163.93
2024-07-31,UN0,2640.0,-42.2221
2024-07-31,MVEUN0,955.0,-43.317
2024-07-31,LUV,2000.0,-27.5497
2024-07-31,RIG,3000.0,5.8333
2024-07-31,RRC,2300.0,-31.62
2024-07-31,XYZ,2000.0,61.26
2024-07-31,THC,1000.0,149.98
2024-07-31,JBEOAN,10000.0,13.01
2024-07-30,PROF,6000.0,10.2969
2024-07-30,RIGL,4000.0,10.41
2024-07-30,XOM,1800.0,117.2
2024-07-30,MVEORA,2500.0,10.24
2024-07-30,SAFAAPL,200.0,-217.45
2024-07-30,SAFAMZN,300.0,-180.28
2024-07-30,SAFDIS,500.0,-92.95
2024-07-30,SAFGM,2000.0,-44.62
2024-07-30,F,8000.0,-10.835
2024-07-30,RIG,8000.0,5.5844
2024-07-30,XYZ,2000.0,-60.14
2024-07-29,CSCO,3000.0,47.86
2024-07-29,NEE,990.0,74.01
2024-07-29,TSLA,1000.0,-228.2895
2024-07-29,XPER,3000.0,-8.0469
2024-07-29,SAFMRNA,500.0,-121.66
2024-07-25,LNSR,2276.0,4.963
2024-07-25,SAP,1490.0,-196.0
2024-07-25,MVEGLE,2000.0,23.42659
2024-07-25,ENI,3000.0,13.911
2024-07-25,GLE,1000.0,23.455
2024-07-24,DVA,500.0,143.24228
2024-07-24,LUMN,5000.0,1.5601
2024-07-24,PW,3000.0,1.2277
2024-07-24,SAP,490.0,-184.04
2024-07-24,VTRS,10000.0,11.69
2024-07-24,MVEDDD,5000.0,3.9601
2024-07-23,AAPL,3000.0,-224.34
2024-07-23,DSY,5250.0,-34.97
2024-07-23,MRNA,1000.0,-121.971
2024-07-23,NFLX,5000.0,-64.258018
2024-07-23,SHECY,2500.0,21.07
2024-07-23,MVEDSY,6000.0,-34.99
2024-07-23,MVESAP,500.0,-195.97512
2024-07-23,SAFIAG,50000.0,-164.36
2024-07-23,ENI,5000.0,-14.166
2024-07-23,THC,500.0,-137.64
2024-07-22,AMZN,2000.0,-183.4334
2024-07-22,ASML,500.0,-857.1
2024-07-22,EOAN,5000.0,12.49
2024-07-22,KR,1000.0,54.773
2024-07-22,MSFT,2000.0,-441.04
2024-07-22,PROF,4000.0,9.8825
2024-07-22,RIGL,3000.0,9.7767
2024-07-22,VONN,3000.0,59.1047
2024-07-22,MVEEOAN,10.0,12.49
2024-07-22,NVS,1000.0,108.6118
2024-07-22,RRC,1490.0,-33.59
2024-07-19,HPQ,1000.0,37.14
2024-07-19,NEM,10000.0,47.017462
2024-07-19,SHECY,2000.0,21.1
2024-07-19,SAFGM,4000.0,48.6602
2024-07-19,BLNK,15000.0,3.1273
2024-07-19,GS,310.0,484.2089
2024-07-19,PFE,2010.0,29.9022
2024-07-19,XYZ,1500.0,67.82
2024-07-18,ASML,500.0,-860.487
2024-07-18,EPIX,3000.0,5.55
2024-07-18,MRNA,2800.0,125.31
2024-07-18,TSLA,10.0,253.83
2024-07-18,VONN,4000.0,57.9
2024-07-18,SAFASML,100.0,-867.511
2024-07-18,SAFMRNA,200.0,124.1
2024-07-18,ENI,3000.0,-14.2776
2024-07-18,F,6000.0,14.5
2024-07-18,GLE,2000.0,23.9879
2024-07-18,THC,1500.0,-135.4532
2024-07-17,ASML,500.0,-879.742
2024-07-17,DVA,500.0,-138.93
2024-07-17,LNSR,2724.0,5.0339
2024-07-17,MRNA,2500.0,-122.57
2024-07-17,PAAS,3000.0,-23.81
2024-07-17,VONN,4000.0,57.188
2024-07-17,MVESAP,490.0,189.44
2024-07-17,ORA,4000.0,10.03
2024-07-16,AAPL,500.0,234.1
2024-07-16,AZN,800.0,-78.287
2024-07-16,DIS,990.0,-97.93
2024-07-16,DXC,4000.0,19.3311
2024-07-16,KR,1000.0,52.75
2024-07-16,PAAS,3000.0,24.1203
2024-07-16,SAFDDD,20000.0,-4.0185
2024-07-16,SAFDIS,500.0,-98.22
2024-07-16,OXY,2000.0,-62.38
2024-07-15,VONN,2000.0,55.8
2024-07-15,SAFIAG,50000.0,174.08
2024-07-13,AET,100000.0,56.0
2024-07-12,CSCO,3000.0,-47.5424
2024-07-12,DVA,450.0,-143.981
2024-07-12,MRNA,2500.0,-124.1352
2024-07-12,VTRS,10000.0,-11.33
2024-07-12,WBA,3500.0,-11.448
2024-07-12,MVEGLE,2000.0,23.055
2024-07-12,RIG,8000.0,-5.315
2024-07-11,XPER,3000.0,8.2769
2024-07-11,MVEGLE,2000.0,23.3553
2024-07-11,SAFDIS,500.0,98.98
2024-07-11,SAFGM,1250.0,47.64
2024-07-11,GLE,2000.0,23.325
2024-07-11,XYZ,1500.0,66.678
2024-07-10,BLDP,1000.0,-2.328
2024-07-10,EPIX,2000.0,5.9909929
2024-07-10,NEM,3000.0,-45.6279
2024-07-10,PAAS,3000.0,-22.6062
2024-07-10,RIGL,3000.0,-8.2023
2024-07-10,RWE,1914.0,-31.58
2024-07-10,TSLA,500.0,242.06
2024-07-10,VLVLY,1010.0,26.309
2024-07-10,MVESAP,500.0,185.5007
2024-07-10,SAFAMZN,300.0,199.725
2024-07-10,SAFMRNA,399.0,-117.4645
2024-07-10,BLNK,15000.0,-3.0256
2024-07-09,MVEGLE,2000.0,-22.7786
2024-07-09,MVESAP,500.0,-185.5196
2024-07-09,GLE,2000.0,-22.79
2024-07-08,HPQ,1000.0,-35.159
2024-07-08,NEM,3000.0,46.96
2024-07-08,SAFGM,1250.0,-46.3188
2024-07-08,MA,300.0,-446.0393
2024-07-08,MA,200.0,455.94
2024-07-08,PFE,2000.0,-27.925
2024-07-06,SAFDDD,10000.0,-4.135
2024-07-06,GS,300.0,-455.3666
2024-07-05,IAG,100000.0,174.25
2024-07-05,VLVLY,3000.0,-25.5355
2024-07-05,VONN,2000.0,54.44
2024-07-05,MVEENI,2000.0,-14.5437
2024-07-05,MVEGLE,2000.0,23.53471
2024-07-05,MVEORA,500.0,9.712
2024-07-05,SAFAAPL,300.0,225.255
2024-07-04,MVESAP,500.0,187.22
2024-07-03,ASML,510.0,982.8
2024-07-03,KR,1000.0,-50.55
2024-07-03,SAFIAG,50000.0,171.3
2024-07-03,SAFMRNA,300.0,-118.74
2024-07-03,GLE,2000.0,23.195
2024-07-02,KR,1000.0,-51.098
2024-07-02,MVEENI,2000.0,14.646323
2024-07-02,MVESAP,1000.0,184.75214
2024-07-02,SAFGM,1250.0,-46.898
2024-07-02,NVS,1000.0,-105.963625
2024-07-01,EPIX,3000.0,-5.2035
2024-07-01,HPE,5000.0,20.98804
2024-07-01,MSFT,2000.0,452.383055
2024-07-01,NFLX,5000.0,67.021226
2024-07-01,SHECY,2000.0,-19.26
2024-07-01,TSM,1000.0,172.9705
2024-07-01,XOM,1790.0,-115.57
2024-07-01,XPER,3000.0,-8.0
2024-07-01,SAFAMZN,2500.0,197.2704
2024-07-01,SAFASML,10.0,989.8
2024-07-01,PFE,1990.0,28.225
2024-06-28,SAFIAG,100000.0,-162.6
2024-06-28,ENI,3000.0,14.45
2024-06-26,AVGO,80.0,158.7597
2024-06-26,NEE,990.0,-72.827
2024-06-26,Free,80.0,158.7597
2024-06-26,SAFAMZN,2990.0,-193.7441
2024-06-26,GNRC,500.0,134.26
2024-06-26,LUV,2000.0,28.405
2024-06-26,MA,300.0,453.6702
2024-06-26,NVS,1010.0,107.2019
2024-06-26,OXY,2000.0,62.9002
2024-06-26,THC,1500.0,134.5007
2024-06-26,X,2200.0,36.89
2024-06-25,ASML,500.0,-945.0
2024-06-25,HPQ,2000.0,36.25
2024-06-25,MRNA,500.0,136.65
2024-06-25,PW,3006.0,-0.85
2024-06-25,MVEDDD,5000.0,-3.209017
2024-06-25,GLE,2000.0,-22.26
2024-06-24,SAFGM,1250.0,48.2452
2024-06-24,MA,100.0,460.4222
2024-06-24,RRC,1200.0,-34.9
2024-06-24,XYZ,1500.0,-64.2106
2024-06-21,IAG,100000.0,-169.0
2024-06-21,MVEORA,5400.0,-9.5829
2024-06-21,SAFAAPL,500.0,210.303
2024-06-21,SAFDIS,500.0,-102.12
2024-06-21,NVS,1000.0,-105.18
2024-06-21,ORA,8300.0,-9.596
2024-06-21,OXY,990.0,-62.0474
2024-06-21,PFE,1500.0,-27.8155
2024-06-20,AAPL,1000.0,211.996
2024-06-20,DXC,4000.0,-18.5675
2024-06-20,NEM,3000.0,-42.56
2024-06-20,SAFAAPL,500.0,-209.15
2024-06-20,X,1200.0,-37.27
2024-06-19,AET,100000.0,54.14
2024-06-19,RWE,4957.0,33.14
2024-06-19,MVEENI,4000.0,-13.9285
2024-06-18,ADEA,1990.0,10.8331
2024-06-18,AET,100000.0,54.2
2024-06-18,BLDP,1000.0,-2.745
2024-06-18,IAG,99000.0,-167.6
2024-06-18,MRNA,300.0,-132.763
2024-06-18,NEE,1000.0,69.83
2024-06-18,PROF,4000.0,-8.7273
2024-06-18,RIGL,1300.0,-9.569
2024-06-18,RWE,4957.0,33.46
2024-06-18,SAFGM,1250.0,47.394348
2024-06-17,RWE,10000.0,-32.99
2024-06-17,VONN,2000.0,-53.7207
2024-06-16,AET,100000.0,-53.54
2024-06-16,MA,990.0,-442.25
2024-06-15,LNSR,5000.0,4.5212
2024-06-13,AZN,800.0,79.17
2024-06-13,DXC,4000.0,18.7933
2024-06-13,PROF,4000.0,8.8019
2024-06-13,SAFAAPL,200.0,212.435
2024-06-13,SAFGM,1500.0,-47.857
2024-06-13,ENI,4000.0,-13.711716
2024-06-13,NVS,990.0,105.47
2024-06-13,RRC,190.0,36.28
2024-06-13,THC,500.0,-141.0702
2024-06-12,SAFGM,1250.0,48.79
2024-06-12,LAZRQ,518.0,-42.94
2024-06-12,LUV,5000.0,28.3102
2024-06-12,MA,390.0,-443.0679
2024-06-12,THC,490.0,-140.3248
2024-06-12,X,5000.0,37.2407
2024-06-11,DDD,20000.0,3.52
2024-06-11,MVEGLE,2000.0,-22.9
2024-06-11,GLE,1990.0,-23.01
2024-06-11,NVS,990.0,-104.57899
2024-06-10,ASML,490.0,954.5
2024-06-10,BLDP,4990.0,2.7615
2024-06-10,DSY,560.0,-36.675
2024-06-10,DXC,8111.0,-17.397
2024-06-10,LNSR,5000.0,4.6051
2024-06-10,NFLX,5000.0,63.69193
2024-06-10,MVERWE,5000.0,-33.61
2024-06-10,MVESAP,500.0,176.4614
2024-06-10,SAFASML,240.0,945.7887
2024-06-10,SAFGM,1250.0,-47.31
2024-06-10,MA,990.0,446.29
2024-06-10,THC,500.0,136.26
2024-06-07,SAFAAPL,1000.0,196.815
2024-06-07,SAFGM,1000.0,-45.7985
2024-06-07,NVS,1000.0,105.3402
2024-06-06,NEM,5000.0,-42.017
2024-06-06,SSYS,4000.0,-9.1165
2024-06-06,SAFGM,750.0,-45.5486
2024-06-05,AMZN,1000.0,180.75
2024-06-05,MSFT,1000.0,408.1072
2024-06-05,NEM,7000.0,-40.7333
2024-06-05,PROF,7200.0,-7.7813
2024-06-05,SHECY,1000.0,-19.776
2024-06-05,WBA,750.0,-17.5775
2024-06-05,XPER,1200.0,-10.88
2024-06-05,SAFDIS,500.0,-116.73
2024-06-04,HPE,3000.0,17.8115
2024-06-04,KR,900.0,-52.0089
2024-06-04,NFLX,5000.0,62.782140000000005
2024-06-04,PROF,2200.0,-7.569
2024-06-04,SAFGM,1000.0,-45.3385
2024-06-04,OXY,1000.0,-62.44
2024-06-04,X,1500.0,-38.1535
2024-06-03,HPQ,500.0,-35.117
2024-06-03,UN0,955.0,-52.7421
2024-06-03,UN0,955.0,-51.83
2024-06-03,MVEGLE,3000.0,-26.995
2024-06-03,SAFAMZN,1000.0,177.56
2024-06-03,SAFGM,990.0,-45.83
2024-06-03,X,1500.0,-38.38
2024-05-31,ASML,500.0,-896.1
2024-05-31,MVEGLE,3000.0,-27.4499
2024-05-31,SAFAMZN,1000.0,-174.56
2024-05-31,SAFGM,2000.0,44.81
2024-05-31,NVAX,2700.0,14.95
2024-05-30,AET,100000.0,58.6
2024-05-30,IAG,1000.0,-170.5
2024-05-30,NEE,2200.0,76.87
2024-05-30,NEM,7000.0,41.96
2024-05-30,MVESAP,500.0,-169.08
2024-05-29,EOAN,15000.0,12.3
2024-05-29,HPE,10000.0,-18.29
2024-05-29,HPQ,3000.0,-33.29
2024-05-29,VONN,2000.0,54.0
2024-05-29,MVEEOAN,2990.0,12.2575
2024-05-29,MVESAP,490.0,-176.1407
2024-05-29,GLE,1000.0,27.2528
2024-05-27,TSLA,490.0,176.54
2024-05-24,EOAN,5000.0,12.315
2024-05-24,RWE,10000.0,34.18
2024-05-24,MVEEOAN,7000.0,12.31239
2024-05-24,SAFGM,2000.0,-44.07
2024-05-24,JBEOAN,20000.0,12.320458
2024-05-23,RWE,10000.0,34.6
2024-05-23,MVERWE,10000.0,34.6
2024-05-23,MVESAP,1500.0,-181.87
2024-05-23,ENI,5000.0,14.48
2024-05-22,AMZN,1000.0,183.77
2024-05-22,BLDP,5000.0,3.17
2024-05-22,CVS,2000.0,-57.44
2024-05-22,ENI,3000.0,14.47
2024-05-22,GS,290.0,462.67
2024-05-22,THC,510.0,-130.11
2024-05-21,CVS,1000.0,57.45
2024-05-21,IAG,100000.0,175.51
2024-05-17,SAFAAPL,1100.0,-190.06
2024-05-17,BLNK,20000.0,-3.25
2024-05-17,F,6000.0,-12.26
2024-05-15,RWE,10000.0,36.226
2024-05-15,MVERWE,10000.0,36.2326
2024-05-15,SAFAAPL,300.0,-189.95
2024-05-15,SAFGM,1990.0,45.43
2024-05-15,BLNK,20000.0,3.32
2024-05-15,ENI,3000.0,-15.08
2024-05-15,GLE,2000.0,-27.47
2024-05-15,NVS,1000.0,-103.01
2024-05-15,ORA,4000.0,-10.71
2024-05-15,OXY,990.0,63.24
2024-05-15,THC,350.0,132.18
2024-05-14,SAFDDD,20000.0,-3.96
2024-05-14,SAFGM,1000.0,-44.95
2024-05-14,SAFMRNA,299.0,126.78
2024-05-14,OXY,500.0,-62.73
2024-05-13,MVEDSY,400.0,-38.17
2024-05-13,F,6000.0,12.32
2024-05-13,LUV,5000.0,-28.01
2024-05-13,X,2500.0,-38.0
2024-05-10,NEM,2000.0,-40.7422
2024-05-10,SAFDDD,20000.0,-3.843671
2024-05-09,SAFGM,1000.0,45.28
2024-05-08,THC,500.0,-122.5
2024-05-07,ADEA,3000.0,11.0723
2024-05-07,C,500.0,64.06
2024-05-07,GM,990.0,46.95
2024-05-07,NFLX,5000.0,-60.175
2024-05-07,RIGL,1000.0,-12.1
2024-05-07,MVEDSY,1160.0,-35.35
2024-05-06,AAPL,500.0,196.13
2024-05-06,AMZN,1000.0,-185.68
2024-05-06,GLE,490.0,24.38
2024-05-05,PW,10000.0,-0.9394
2024-05-04,GS,290.0,-415.02
2024-05-03,EOAN,10000.0,-12.59
2024-05-03,MVEGLE,1000.0,24.4001
2024-05-01,PFE,3500.0,26.81
2024-05-01,THC,300.0,116.46
2024-04-30,ADEA,3000.0,-10.1032
2024-04-30,AMZN,2000.0,-179.7175
2024-04-30,MSFT,1000.0,-396.848
2024-04-30,RWE,15000.0,-33.28
2024-04-30,RWE,5000.0,-32.57
2024-04-30,SSYS,2000.0,-10.0133
2024-04-26,DIS,10.0,-112.35
2024-04-26,RWE,15000.0,32.27
2024-04-26,MVEORA,4300.0,-10.41
2024-04-26,MVERWE,5000.0,-32.19
2024-04-26,ENI,700.0,-15.21
2024-04-25,SAFDDD,10000.0,-3.43
2024-04-25,SAFDIS,800.0,-112.73
2024-04-25,F,6000.0,-12.95
2024-04-25,PFE,3500.0,-25.38
2024-04-25,X,500.0,37.21
2024-04-24,SAFGM,3000.0,44.62
2024-04-23,DSY,1440.0,-38.3198
2024-04-23,SAFAMZN,990.0,179.08
2024-04-22,EOAN,20000.0,12.4325
2024-04-22,VONN,2000.0,-50.6273
2024-04-22,VONN,2000.0,-49.1
2024-04-22,MVEGLE,5000.0,25.045
2024-04-22,MVEORA,2300.0,-11.06
2024-04-22,MVESAP,90.0,165.48
2024-04-22,GNRC,500.0,133.1
2024-04-22,MA,990.0,455.33
2024-04-22,X,990.0,-39.12
2024-04-16,SAFASML,240.0,-897.43
2024-04-15,MVEENI,6000.0,-15.668
2024-04-15,SAFASML,300.0,920.94
2024-04-12,SAFASML,300.0,-905.25
2024-04-12,ENI,5000.0,-15.7
2024-04-12,GNRC,700.0,-133.54
2024-04-10,AMZN,2000.0,185.035
2024-04-10,EPIX,2000.0,7.5766
2024-04-10,HPQ,900.0,-29.267
2024-04-10,KR,900.0,56.153
2024-04-10,XOM,200.0,-121.512
2024-04-10,SAFASML,300.0,914.6
2024-04-09,GNRC,700.0,138.71
2024-04-09,X,990.0,41.5
2024-04-08,CVS,1000.0,74.32
2024-04-08,GM,4000.0,44.47
2024-04-08,PROF,2200.0,8.0748
2024-04-06,AMZN,1000.0,-177.4772
2024-04-06,DIS,990.0,-102.367
2024-04-06,EZJ,9000.0,-482.1301
2024-04-05,DSY,1200.0,-39.64
2024-04-05,GM,4000.0,-43.55
2024-04-05,SAFAMZN,500.0,184.35
2024-04-05,SAFASML,300.0,-903.2
2024-04-05,SAFDIS,800.0,118.53
2024-04-05,SAFGM,2000.0,-43.68
2024-04-05,SAFIAG,100000.0,172.5
2024-04-04,NFLX,15000.0,61.870000000000005
2024-04-04,SAFGM,2000.0,45.12
2024-04-04,GS,300.0,377.07
2024-04-03,PROF,1800.0,-8.5364
2024-04-03,MVEDDD,5000.0,4.1538
2024-04-02,SAFAMZN,500.0,-180.49
2024-04-02,SAFASML,290.0,893.95
2024-04-02,RIG,8000.0,-6.59
2024-04-02,X,900.0,-41.04
2024-03-28,ADEA,3000.0,10.975
2024-03-28,DDD,10000.0,4.49
2024-03-28,DIS,250.0,122.535
2024-03-28,DSY,800.0,-41.1158
2024-03-28,DSY,800.0,-41.2293
2024-03-28,KR,1000.0,57.273
2024-03-28,UN0,100.0,51.7754
2024-03-28,WBA,750.0,21.31
2024-03-28,XPER,1200.0,11.92
2024-03-28,MVEGLE,2000.0,24.6517
2024-03-28,F,6000.0,13.26
2024-03-28,LUV,5000.0,29.42
2024-03-28,OXY,1000.0,65.02
2024-03-28,RIG,1000.0,-6.31
2024-03-28,XYZ,1000.0,-83.02
2024-03-28,THC,300.0,-105.09
2024-03-27,GLE,2000.0,24.33
2024-03-27,PFE,800.0,27.78
2024-03-26,SHECY,5000.0,22.6
2024-03-26,MVEDSY,2780.0,41.1883
2024-03-26,MVEGLE,2000.0,24.3599
2024-03-26,SAFAAPL,400.0,170.71
2024-03-26,F,6000.0,-12.53
2024-03-26,XYZ,500.0,83.82
2024-03-25,C,1000.0,60.83
2024-03-25,WBA,750.0,-20.667
2024-03-25,XPER,1200.0,-10.897
2024-03-21,MVEDSY,780.0,41.2935
2024-03-21,SAFDIS,710.0,-116.3
2024-03-21,SAFGM,2000.0,-42.599
2024-03-20,MA,605.0,-487.23
2024-03-19,LNSR,5000.0,-3.92
2024-03-19,VONN,2000.0,53.6
2024-03-19,SAFMRNA,1200.0,105.07
2024-03-18,ADEA,4000.0,11.08
2024-03-18,AZN,1000.0,66.203
2024-03-18,C,1900.0,-58.9304
2024-03-18,CVS,2000.0,-77.38
2024-03-18,DIS,100.0,114.253
2024-03-18,HPE,2000.0,17.12
2024-03-18,HPQ,900.0,29.98
2024-03-18,PROF,5000.0,-8.1895
2024-03-18,SSYS,2000.0,11.5916
2024-03-18,TSM,1000.0,134.16
2024-03-18,UN0,150.0,54.32
2024-03-18,VONN,2000.0,-52.9
2024-03-18,MVEGLE,2000.0,-23.67
2024-03-18,X,3100.0,39.41
2024-03-15,KR,1000.0,-56.217
2024-03-15,NFLX,10000.0,60.869060000000005
2024-03-15,RIGL,1000.0,-14.1
2024-03-15,MVEGLE,2000.0,23.8655
2024-03-15,MVEORA,5000.0,-10.5336
2024-03-15,BLNK,20000.0,-2.91
2024-03-15,OXY,1000.0,-62.34
2024-03-15,X,1200.0,-38.52
2024-03-14,NFLX,3000.0,61.222
2024-03-14,BLNK,20000.0,3.270658
2024-03-13,EOAN,10000.0,12.52
2024-03-12,AVGO,100.0,128.188
2024-03-12,MSFT,300.0,413.2
2024-03-12,Free,100.0,128.188
2024-03-12,SAFAMZN,1000.0,175.47
2024-03-12,LUV,3000.0,-28.99
2024-03-12,LUV,2000.0,-28.61
2024-03-11,SAFASML,100.0,-895.0
2024-03-08,IAG,20000.0,152.0
2024-03-06,AAPL,1000.0,193.66
2024-03-06,DVA,300.0,-146.51
2024-03-06,MSFT,300.0,-403.05
2024-03-06,NFLX,3000.0,-60.138999999999996
2024-03-06,UN0,1300.0,55.9
2024-03-06,SAFASML,100.0,911.27
2024-03-06,SAFMRNA,1500.0,97.18
2024-03-05,EOAN,10000.0,11.975
2024-03-05,MVEEOAN,10000.0,-12.595
2024-03-05,SAFAMZN,1000.0,-175.365
2024-03-05,SAFASML,100.0,911.75
2024-03-05,SAFASML,100.0,-898.89
2024-03-05,SAFMRNA,1500.0,-95.035587
2024-03-05,ENI,5000.0,14.5
2024-03-04,IAG,20000.0,-144.95
2024-03-04,MVEALDNE,5000.0,-3.41
2024-03-04,SAFAMZN,1000.0,179.08
2024-03-01,MVEDSY,2000.0,-42.43
2024-03-01,SAFDDD,20000.0,4.3
2024-03-01,SAFMRNA,1500.0,96.67
2024-02-29,ALDNE,2275.0,-3.3727
2024-02-29,SAFDDD,9150.0,-4.13
2024-02-29,SAFMRNA,1500.0,-93.15
2024-02-29,BLNK,40000.0,-3.15
2024-02-29,ENI,5000.0,-14.23
2024-02-28,EPIX,5000.0,-7.8024
2024-02-28,UN0,1300.0,-55.2989
2024-02-28,SAFDDD,10000.0,-4.12
2024-02-28,SAFDIS,1500.0,110.83
2024-02-28,RIG,6000.0,4.78
2024-02-28,THC,500.0,89.44
2024-02-27,DDD,10000.0,-3.9268
2024-02-27,PROF,5000.0,8.4839
2024-02-27,RIGL,1300.0,14.5
2024-02-27,UN0,1300.0,59.7067
2024-02-27,MVEDDD,5000.0,-3.9232
2024-02-27,MVEDSY,2000.0,-42.8025
2024-02-27,MVEDSY,2000.0,43.2425
2024-02-27,MVEORA,7300.0,10.692
2024-02-27,SAFAMZN,1000.0,-174.22
2024-02-27,ENI,7000.0,14.35
2024-02-27,GLE,2400.0,22.3195
2024-02-27,XYZ,1000.0,76.62
2024-02-26,SAP,690.0,173.04
2024-02-26,SAFAMZN,1000.0,175.36
2024-02-26,SAFASML,200.0,-867.2
2024-02-26,ENI,7000.0,-14.17
2024-02-26,GLE,2400.0,-22.6248
2024-02-26,XYZ,1000.0,-75.21
2024-02-23,MVESAP,500.0,169.89
2024-02-23,EZJ,9000.0,544.9
2024-02-23,XYZ,1000.0,81.42
2024-02-22,IAG,20000.0,153.9
2024-02-22,XOM,190.0,104.12
2024-02-22,SAFASML,200.0,877.51
2024-02-21,VONN,2000.0,53.5
2024-02-21,SAFASML,200.0,-835.52
2024-02-19,GLE,2000.0,-21.665
2024-02-15,DDD,5000.0,-5.5999
2024-02-15,EOAN,10000.0,-11.8725
2024-02-15,XYZ,1000.0,-69.44
2024-02-14,EPIX,5000.0,9.7461
2024-02-14,LUV,3000.0,33.2
2024-02-13,RWE,5000.0,-32.7968
2024-02-13,MVERWE,5000.0,-32.7949
2024-02-10,GNRC,700.0,-120.03
2024-02-08,SAP,500.0,-167.9
2024-02-08,MVESAP,500.0,-167.8988
2024-02-08,SAFASML,200.0,846.94
2024-02-07,LUMN,5300.0,-1.08
2024-02-06,MVEGLE,2000.0,-23.255
2024-02-06,ENI,7000.0,14.5001
2024-02-02,MVESAP,400.0,165.18
2024-01-31,SAP,800.0,160.74
2024-01-26,MVEDDD,5000.0,-5.1596
2024-01-24,MVESAP,500.0,160.04
2024-01-24,LUV,2900.0,-30.94
2024-01-22,OXY,600.0,60.5
2024-01-18,SAP,880.0,-147.12
2024-01-18,MVERWE,10000.0,-36.9176
2024-01-16,EOAN,10000.0,12.57
2024-01-11,GLE,2000.0,24.7
2024-01-10,GNRC,250.0,124.14
2024-01-08,KR,4000.0,45.85
2024-01-07,AMZN,2000.0,196.0355
2024-01-05,MVEDDD,10000.0,5.81
2024-01-03,NVS,190.0,96.18
2024-01-01,EPIX,13000.0,8.6133
2023-12-27,SAFMRNA,1000.0,-100.25
2023-12-20,EPIX,2313.0,-6.3459
2023-12-18,DDD,5000.0,6.22
2023-12-07,EOAN,10000.0,12.42
2023-11-28,EOAN,260000.0,11.94
2023-11-28,MRNA,2000.0,-77.32
2023-11-14,MVERWE,10000.0,37.65
2023-11-09,MVERWE,10000.0,-35.8682
2023-10-31,MVERWE,10000.0,36.92
2023-10-27,MVEEOAN,15000.0,11.0504
2023-10-13,MVEEOAN,15000.0,11.09
2022-11-25,OXY,1100.0,-71.47
2022-11-10,MA,300.0,331.89
2022-10-18,SAFASML,140.0,-407.17
2022-10-18,SAFGM,2100.0,-34.78
2022-10-11,SAFGM,3000.0,40.11
2022-10-11,GNRC,500.0,108.67
2022-10-11,XYZ,400.0,67.38
2022-09-11,GNRC,500.0,-101.51
2022-08-16,NVAX,1100.0,-0.001
2022-08-10,NVAX,2600.0,-38.7327
2022-05-25,LOCK,77100.0,-5.34
2022-03-28,XYZ,750.0,-133.77
2021-09-20,MA,150.0,-339.65
2021-09-20,XYZ,200.0,-248.79
2021-08-12,GLE,2500.0,27.235
2021-01-22,LUMN,2700.0,-1.577
2020-07-14,SAP,120.0,-134.02
2020-06-10,LNSR,7724.0,-3.8536
2020-05-29,SAP,200.0,113.02
2020-04-29,SAP,1300.0,107.8
2017-04-28,SAP,1500.0,-93.0487
2011-01-18,MVEALDNE,14969.0,-4.3852
2011-01-01,AAPL,5000.0,-107.46
2011-01-01,ADEA,9000.0,-9.836556
2011-01-01,AET,400000.0,-40.44157675
2011-01-01,AMZN,8000.0,-132.55
2011-01-01,ALDNE,2448050.0,-1.16774724321959
2011-01-01,AVGO,190.0,-109.65132
2011-01-01,AZN,5000.0,-54.11
2011-01-01,BLDP,10000.0,-2.69
2011-01-01,BMRA,12500.0,-12.7196
2011-01-01,C,100.0,-49.07
2011-01-01,CSCO,5000.0,-39.77
2011-01-01,CSCO,3000.0,-51.56
2011-01-01,CVS,2000.0,-108.31
2011-01-01,DDD,40000.0,-10.359875
2011-01-01,DIS,350.0,-170.71425714285715
2011-01-01,DSY,250.0,-1.0
2011-01-01,DSY,750.0,-46.17
2011-01-01,DSY,800.0,42.2
2011-01-01,DVA,1000.0,-80.2
2011-01-01,DVA,750.0,109.58
2011-01-01,DXC,1889.0,-46.62
2011-01-01,EOAN,340000.0,-8.98
2011-01-01,EPIX,17687.0,-5.5781
2011-01-01,GM,1000.0,-37.4
2011-01-01,HPE,12000.0,-11.16
2011-01-01,HPE,2000.0,-15.1884
2011-01-01,HPE,4000.0,15.1217
2011-01-01,HPQ,1000.0,-15.7
2011-01-01,IAG,500000.0,-157.0
2011-01-01,IAG,20000.0,-142.5
2011-01-01,KR,5000.0,-35.54
2011-01-01,LNSR,2276.0,-17.760724956063267
2011-01-01,LUMN,2000.0,-27.37655
2011-01-01,MRNA,200.0,-125.15535
2011-01-01,MSFT,10000.0,-105.48
2011-01-01,MSFT,3000.0,382.8487
2011-01-01,NEE,4200.0,-72.35782380952381
2011-01-01,NEM,15000.0,-19.10476
2011-01-01,NFLX,40000.0,-39.315
2011-01-01,PAAS,3000.0,-28.96
2011-01-01,PROF,6000.0,-15.19
2011-01-01,PROF,5000.0,-8.3399
2011-01-01,POET,45000.0,-6.570766888888889
2011-01-01,PW,3000.0,-3.16695
2011-01-01,PW,3000.0,0.5431
2011-01-01,RIGL,2700.0,-36.9220481481481
2011-01-01,RIGL,2300.0,-13.0
2011-01-01,RWE,30000.0,-33.802068
2011-01-01,SHECY,12500.0,-11.2137168
2011-01-01,SSYS,16000.0,-54.70047
2011-01-01,TSLA,500.0,-172.548
2011-01-01,TSM,2000.0,-0.001
2011-01-01,UN0,700.0,-263.42
2011-01-01,UN0,1300.0,-57.7617
2011-01-01,Free,190.0,-109.65132
2011-01-01,VLVLY,10000.0,-19.13
2011-01-01,VLVLY,8000.0,24.09
2011-01-01,VLVLY,8000.0,-23.3498
2011-01-01,VLVLY,9990.0,27.082
2011-01-01,VONN,20000.0,-56.3018145
2011-01-01,VTRS,5000.0,-30.28879
2011-01-01,WBA,750.0,-49.34390666666667
2011-01-01,XOM,200.0,-99.51
2011-01-01,XPER,800.0,-69.2077875
2011-01-01,MVEALDNE,395031.0,-1.17
2011-01-01,MVEDDD,10000.0,-4.33
2011-01-01,MVEDSY,2000.0,-44.0
2011-01-01,MVEDSY,2000.0,-43.0254
2011-01-01,MVEEOAN,20000.0,-11.0603
2011-01-01,MVEENI,10000.0,-15.5926
2011-01-01,MVEEPIX,2000.0,-6.93
2011-01-01,MVEGLE,10000.0,-24.3167
2011-01-01,MVEORA,7300.0,-10.784
2011-01-01,MVEORA,5300.0,-10.64
2011-01-01,MVEORA,7700.0,-10.6147
2011-01-01,MVERWE,10000.0,-35.88
2011-01-01,MVESAP,1000.0,-144.56
2011-01-01,MVEUN0,45.0,-78.7427
2011-01-01,SAFAAPL,500.0,-68.84720000000004
2011-01-01,SAFAMZN,2000.0,-157.14
2011-01-01,SAFASML,160.0,-623.04
2011-01-01,SAFDDD,850.0,-49.61
2011-01-01,SAFDIS,1790.0,-104.53
2011-01-01,SAFGM,3900.0,-39.32
2011-01-01,SAFIAG,200000.0,-166.0
2011-01-01,SAFMRNA,500.0,-126.35
2011-01-01,BLNK,30000.0,-7.04
2011-01-01,BLNK,30000.0,-3.430985
2011-01-01,ENI,7300.0,-13.68
2011-01-01,EZJ,19440.0,-513.0
2011-01-01,EZJ,9440.0,569.0
2011-01-01,F,12000.0,-13.49
2011-01-01,GLE,5000.0,-19.63
2011-01-01,GNRC,550.0,-189.96
2011-01-01,GS,310.0,-358.7
2011-01-01,LAZRQ,5353.0,-47.08
2011-01-01,LUV,2100.0,-44.67
2011-01-01,MA,330.0,-353.12
2011-01-01,NVS,200.0,-85.85
2011-01-01,ORA,7700.0,-12.54
2011-01-01,PFE,1300.0,-0.001
2011-01-01,RIG,7000.0,-2.87
2011-01-01,RRC,2700.0,-30.31
2011-01-01,RRC,2500.0,30.4
2011-01-01,XYZ,450.0,-262.89
2011-01-01,THC,2000.0,-46.07
2011-01-01,THC,1150.0,80.45
2011-01-01,X,3200.0,-26.21
2011-01-01,X,1200.0,45.48
2011-01-01,JBEOAN,50000.0,-9.02
,,,
,,,
,,,
,,,
,,,
,,,
,,,
,,,
,,,
,,,
,,,
,,,
,,,
,,,
,,,
,,,
,,,
,,,
,,,
,,,
,,,
,,,
,,,
,,,
,,,
,,,
,,,
,,,
,,,
,,,
,,,
,,,
,,,
,,,
,,,
,,,
,,,
,,,
,,,
,,,
,,,
,,,
,,,
,,,
,,,
,,,
,,,
,,,
,,,
,,,
,,,
,,,
,,,
,,,
,,,
,,,
,,,
,,,
,,,
,,,
,,,
,,,
,,,
,,,
,,,
,,,
,,,
,,,
,,,
,,,
,,,
,,,
,,,
,,,
,,,
,,,
,,,
,,,
,,,
,,,
,,,
,,,
,,,
,,,
,,,
,,,
,,,
,,,
,,,
,,,
,,,
,,,
,,,
,,,
,,,
,,,
,,,
,,,
,,,
,,,
,,,
,,,
,,,
,,,
,,,
,,,
,,,
,,,
,,,
,,,
,,,
,,,
,,,
,,,
,,,
,,,
,,,
,,,
,,,
,,,
,,,
,,,
,,,
,,,
,,,
,,,
,,,
,,,
,,,
,,,
,,,
,,,
,,,
,,,
,,,
,,,
,,,
,,,
,,,
,,,
,,,
,,,
,,,
,,,
,,,
,,,
,,,
,,,
,,,
,,,
,,,
,,,
,,,
,,,
,,,
,,,
,,,
,,,
,,,
,,,
,,,
,,,
,,,
,,,
,,,
,,,
,,,
,,,
,,,
,,,
,,,
,,,
,,,
,,,
,,,
,,,
,,,
,,,
,,,
,,,
,,,
,,,
,,,
,,,
,,,
,,,
,,,
,,,
,,,
,,,
,,,
,,,
,,,
,,,
,,,
,,,
,,,
,,,
,,,
,,,
,,,
,,,
,,,
,,,
,,,
,,,
,,,
,,,
,,,
,,,
,,,
,,,
,,,
,,,
,,,
,,,
,,,
,,,
,,,
,,,
,,,
,,,
,,,
,,,
,,,
,,,
,,,
,,,
,,,
,,,
,,,
,,,
,,,
,,,
,,,
,,,
,,,
,,,
,,,
,,,
,,,
,,,
,,,
,,,
,,,
,,,
,,,
,,,
,,,
,,,
,,,
,,,
,,,
,,,
,,,
,,,
,,,
,,,
,,,
,,,
,,,
,,,
,,,
,,,
,,,
,,,
,,,
,,,
,,,
,,,
,,,
,,,
,,,
,,,
,,,
,,,
,,,
,,,
,,,
,,,
,,,
,,,
,,,
,,,
,,,
,,,
,,,
,,,
,,,
,,,
,,,
,,,
,,,
,,,
,,,
,,,
,,,
,,,
,,,
,,,
,,,
,,,
,,,
,,,
,,,
,,,
,,,
,,,
,,,
,,,
,,,
,,,
,,,
,,,
,,,
,,,
,,,
,,,
,,,
,,,
,,,
,,,
,,,
,,,
,,,
,,,
,,,
,,,
,,,
,,,
,,,
,,,
,,,
,,,
,,,
,,,
,,,
,,,
,,,
,,,
,,,
,,,
,,,
,,,
,,,
,,,
,,,
,,,
,,,
,,,
,,,
,,,
,,,
,,,
,,,
,,,
,,,
,,,
,,,
,,,
,,,
,,,
,,,
,,,
,,,
,,,
,,,
,,,
,,,
,,,
,,,
,,,
,,,
,,,
,,,
,,,
,,,
,,,
,,,
,,,
,,,
,,,
,,,
,,,
,,,
,,,
,,,
,,,
,,,
,,,
,,,
,,,
,,,
,,,
,,,
,,,
,,,
,,,
,,,
,,,
,,,
,,,
,,,
,,,
,,,
,,,
,,,
,,,
,,,
,,,
,,,
,,,
,,,
,,,
,,,
,,,
,,,
,,,
,,,
,,,
,,,
,,,
,,,
,,,
,,,
,,,
,,,
,,,
,,,
,,,
,,,
,,,
,,,
,,,
,,,
,,,
,,,
,,,
,,,
,,,
,,,
,,,
,,,
,,,
,,,
,,,
,,,
,,,
,,,
,,,
,,,
,,,
,,,
,,,
,,,
,,,
,,,
,,,
,,,
,,,
,,,
,,,
,,,
,,,
,,,
,,,
,,,
,,,
,,,
,,,
,,,
,,,
,,,
,,,
,,,
,,,
,,,
,,,
,,,
,,,
,,,
,,,
,,,
,,,
,,,
,,,
,,,
,,,
,,,
,,,
,,,
,,,
,,,
,,,
,,,
,,,
,,,
,,,
,,,
,,,
,,,
,,,
,,,
,,,
,,,
,,,
,,,
,,,
,,,
,,,
,,,
,,,
,,,
,,,
,,,
,,,
,,,
,,,
,,,
,,,
,,,
,,,
,,,
,,,
,,,
,,,
,,,
,,,
,,,
,,,
,,,
,,,
,,,
,,,
,,,
,,,
,,,
,,,
,,,
,,,
,,,
,,,
,,,
,,,
,,,
,,,
,,,
,,,
,,,
,,,
,,,
,,,
,,,
,,,
,,,
,,,
,,,
,,,
,,,
,,,
,,,
,,,
,,,
,,,
,,,
,,,
,,,
,,,
,,,
,,,
,,,
,,,
,,,
,,,
,,,
,,,
,,,
,,,
,,,
,,,
,,,
,,,
,,,
,,,
,,,
,,,
,,,
,,,
,,,
,,,
,,,
,,,
,,,
,,,
,,,
,,,
,,,
,,,
,,,
,,,
,,,
,,,
,,,
,,,
,,,
,,,
,,,
,,,
,,,
,,,
,,,
,,,
,,,
,,,
,,,
,,,
,,,
,,,
,,,
,,,
,,,
,,,
,,,
,,,
,,,
,,,
,,,
,,,
,,,
,,,
,,,
,,,
,,,
,,,
,,,
,,,
,,,
,,,
,,,
,,,
,,,
,,,
,,,
,,,
,,,
,,,
,,,
,,,
,,,
,,,
,,,
,,,
,,,
,,,
,,,
,,,
,,,
,,,
,,,
,,,
,,,
,,,
,,,
,,,
,,,
,,,
,,,
,,,
,,,
,,,
,,,
,,,
,,,
,,,
,,,
,,,
,,,
,,,
,,,
,,,
,,,
,,,
,,,
,,,
,,,
,,,
,,,
,,,
,,,
,,,
,,,
,,,
,,,
,,,
,,,
,,,
,,,
,,,
,,,
,,,
,,,
,,,
,,,
,,,
,,,
,,,
,,,
,,,
,,,
,,,
,,,
,,,
,,,
,,,
,,,
,,,
,,,
,,,
,,,
,,,
,,,
,,,
,,,
,,,
,,,
,,,
,,,
,,,
,,,
,,,
,,,
,,,
,,,
,,,
,,,
,,,
,,,
,,,
,,,
,,,
,,,
,,,
,,,
,,,
,,,
,,,
,,,
,,,
,,,
,,,
,,,
,,,
,,,
,,,
,,,
,,,
,,,
,,,
,,,
,,,
,,,
,,,
,,,
,,,
,,,
,,,
,,,
,,,
,,,
,,,
,,,
,,,
,,,
,,,
,,,
,,,
,,,
,,,
,,,
,,,
,,,
,,,
,,,
,,,
,,,
,,,
,,,
,,,
,,,
,,,
,,,
,,,
,,,
,,,
,,,
,,,
,,,
,,,
,,,
,,,
,,,
,,,
,,,
,,,
,,,
,,,
,,,
,,,
,,,
,,,
,,,
,,,
,,,
,,,
,,,
,,,
,,,
,,,
,,,
,,,
,,,
,,,
,,,
,,,
,,,
,,,
,,,
,,,
,,,
,,,
,,,
,,,
,,,
,,,
,,,
,,,
,,,
,,,
,,,
,,,
,,,
,,,
,,,
,,,
,,,
,,,
,,,
,,,
,,,
,,,
,,,
,,,
,,,
,,,
,,,
,,,
,,,
,,,
,,,
,,,
,,,
,,,
,,,
,,,
,,,
,,,
,,,
,,,
,,,
,,,
,,,
,,,
,,,
,,,
,,,
,,,
,,,
,,,
,,,
,,,
,,,
,,,
,,,
,,,
,,,
,,,
,,,
,,,
,,,
,,,
,,,
,,,
,,,
,,,
,,,
,,,
,,,
,,,
,,,
,,,
,,,
,,,
,,,
,,,
,,,
,,,
,,,
,,,
,,,
,,,
,,,
,,,
,,,
,,,
,,,
,,,
,,,
,,,
,,,
,,,
,,,
,,,
,,,
,,,
,,,
,,,
,,,
,,,
,,,
,,,
,,,
,,,
,,,
,,,
,,,
,,,
,,,
,,,
,,,
,,,
,,,
,,,
,,,
,,,
,,,
,,,
,,,
,,,
,,,
,,,
,,,
,,,
,,,
,,,
,,,
,,,
,,,
,,,
,,,
,,,
,,,
,,,
,,,
,,,
,,,
,,,
,,,
,,,
,,,
,,,
,,,
,,,
,,,
,,,
,,,
,,,
,,,
,,,
,,,
,,,
,,,
,,,
,,,
,,,
,,,
,,,
,,,
,,,
,,,
,,,
,,,
,,,
,,,
,,,
,,,
,,,
,,,
,,,
,,,
,,,
,,,
,,,
,,,
,,,
,,,
,,,
,,,
,,,
,,,
,,,
,,,
,,,
,,,
,,,
,,,
,,,
,,,
,,,
,,,
,,,
,,,
,,,
,,,
,,,
,,,
,,,
,,,
,,,
,,,
,,,
,,,
,,,
,,,
,,,
,,,
,,,
,,,
,,,
,,,
,,,
,,,
,,,
,,,
,,,
,,,
,,,
,,,
,,,
,,,
,,,
,,,
,,,
,,,
,,,
,,,
,,,
,,,
,,,
,,,
,,,
,,,
,,,
,,,
,,,
,,,
,,,
,,,
,,,
,,,
,,,
,,,
,,,
,,,
,,,
,,,
,,,
,,,
,,,
,,,
,,,
,,,
,,,
,,,
,,,
,,,
,,,
,,,
,,,
,,,
,,,
,,,
,,,
,,,
,,,
,,,
,,,
,,,
,,,
,,,
,,,
,,,
,,,
,,,
,,,
,,,
,,,
,,,
,,,
,,,
,,,
,,,
,,,
,,,
,,,
,,,
,,,
,,,
,,,
,,,
,,,
,,,
,,,
,,,
,,,
,,,
,,,
,,,
,,,
,,,
,,,
,,,
,,,
,,,
,,,
,,,
,,,
,,,
,,,
,,,
,,,
,,,
,,,
,,,
,,,
,,,
,,,
,,,
,,,
,,,
,,,
,,,
,,,
,,,
,,,
,,,
,,,
,,,
,,,
,,,
,,,
,,,
,,,
,,,
,,,
,,,
,,,
,,,
,,,
,,,
,,,
,,,
,,,
,,,
,,,
,,,
,,,
,,,
,,,
,,,
,,,
,,,
,,,
,,,
,,,
,,,
,,,
,,,
,,,
,,,
,,,
,,,
,,,
,,,
,,,
,,,
,,,
,,,
,,,
,,,
,,,
,,,
,,,
,,,
,,,
,,,
,,,
,,,
,,,
,,,
,,,
,,,
,,,
,,,
,,,
,,,
,,,
,,,
,,,
,,,
,,,
,,,
,,,
,,,
,,,
,,,
,,,
,,,
,,,
,,,
,,,
,,,
,,,
,,,
,,,
,,,
,,,
